期权代码,认购/认沽,到期日
10000001,认购,2015/3/25
10000002,认购,2015/3/25
10000003,认购,2015/3/25
10000004,认购,2015/3/25
10000005,认购,2015/3/25
10000006,认沽,2015/3/25
10000007,认沽,2015/3/25
10000008,认沽,2015/3/25
10000009,认沽,2015/3/25
10000010,认沽,2015/3/25
10000011,认购,2015/4/22
10000012,认购,2015/4/22
10000013,认购,2015/4/22
10000014,认购,2015/4/22
10000015,认购,2015/4/22
10000016,认沽,2015/4/22
10000017,认沽,2015/4/22
10000018,认沽,2015/4/22
10000019,认沽,2015/4/22
10000020,认沽,2015/4/22
10000021,认购,2015/6/24
10000022,认购,2015/6/24
10000023,认购,2015/6/24
10000024,认购,2015/6/24
10000025,认购,2015/6/24
10000026,认沽,2015/6/24
10000027,认沽,2015/6/24
10000028,认沽,2015/6/24
10000029,认沽,2015/6/24
10000030,认沽,2015/6/24
10000031,认购,2015/9/23
10000032,认购,2015/9/23
10000033,认购,2015/9/23
10000034,认购,2015/9/23
10000035,认购,2015/9/23
10000036,认沽,2015/9/23
10000037,认沽,2015/9/23
10000038,认沽,2015/9/23
10000039,认沽,2015/9/23
10000040,认沽,2015/9/23
10000041,认购,2015/3/25
10000042,认沽,2015/3/25
10000043,认购,2015/4/22
10000044,认沽,2015/4/22
10000045,认购,2015/6/24
10000046,认沽,2015/6/24
10000047,认购,2015/9/23
10000048,认沽,2015/9/23
10000049,认购,2015/3/25
10000050,认沽,2015/3/25
10000051,认购,2015/4/22
10000052,认沽,2015/4/22
10000053,认购,2015/6/24
10000054,认沽,2015/6/24
10000055,认购,2015/9/23
10000056,认沽,2015/9/23
10000057,认购,2015/3/25
10000058,认沽,2015/3/25
10000059,认购,2015/4/22
10000060,认沽,2015/4/22
10000061,认购,2015/6/24
10000062,认沽,2015/6/24
10000063,认购,2015/9/23
10000064,认沽,2015/9/23
10000065,认购,2015/3/25
10000066,认沽,2015/3/25
10000067,认购,2015/4/22
10000068,认沽,2015/4/22
10000069,认购,2015/6/24
10000070,认沽,2015/6/24
10000071,认购,2015/9/23
10000072,认沽,2015/9/23
10000073,认购,2015/3/25
10000074,认沽,2015/3/25
10000075,认购,2015/4/22
10000076,认沽,2015/4/22
10000077,认购,2015/6/24
10000078,认沽,2015/6/24
10000079,认购,2015/9/23
10000080,认沽,2015/9/23
10000081,认购,2015/3/25
10000082,认沽,2015/3/25
10000083,认购,2015/4/22
10000084,认沽,2015/4/22
10000085,认购,2015/6/24
10000086,认沽,2015/6/24
10000087,认购,2015/9/23
10000088,认沽,2015/9/23
10000089,认购,2015/3/25
10000090,认沽,2015/3/25
10000091,认购,2015/4/22
10000092,认沽,2015/4/22
10000093,认购,2015/6/24
10000094,认沽,2015/6/24
10000095,认购,2015/9/23
10000096,认沽,2015/9/23
10000097,认购,2015/3/25
10000098,认沽,2015/3/25
10000099,认购,2015/4/22
10000100,认沽,2015/4/22
10000101,认购,2015/6/24
10000102,认沽,2015/6/24
10000103,认购,2015/9/23
10000104,认沽,2015/9/23
10000105,认购,2015/5/27
10000106,认购,2015/5/27
10000107,认购,2015/5/27
10000108,认购,2015/5/27
10000109,认购,2015/5/27
10000110,认沽,2015/5/27
10000111,认沽,2015/5/27
10000112,认沽,2015/5/27
10000113,认沽,2015/5/27
10000114,认沽,2015/5/27
10000115,认购,2015/5/27
10000116,认沽,2015/5/27
10000117,认购,2015/4/22
10000118,认沽,2015/4/22
10000119,认购,2015/5/27
10000120,认购,2015/5/27
10000121,认沽,2015/5/27
10000122,认沽,2015/5/27
10000123,认购,2015/6/24
10000124,认沽,2015/6/24
10000125,认购,2015/9/23
10000126,认沽,2015/9/23
10000127,认购,2015/4/22
10000128,认购,2015/4/22
10000129,认沽,2015/4/22
10000130,认沽,2015/4/22
10000131,认购,2015/5/27
10000132,认购,2015/5/27
10000133,认沽,2015/5/27
10000134,认沽,2015/5/27
10000135,认购,2015/6/24
10000136,认购,2015/6/24
10000137,认沽,2015/6/24
10000138,认沽,2015/6/24
10000139,认购,2015/9/23
10000140,认购,2015/9/23
10000141,认沽,2015/9/23
10000142,认沽,2015/9/23
10000143,认购,2015/4/22
10000144,认沽,2015/4/22
10000145,认购,2015/5/27
10000146,认沽,2015/5/27
10000147,认购,2015/6/24
10000148,认沽,2015/6/24
10000149,认购,2015/9/23
10000150,认沽,2015/9/23
10000151,认购,2015/4/22
10000152,认沽,2015/4/22
10000153,认购,2015/5/27
10000154,认沽,2015/5/27
10000155,认购,2015/6/24
10000156,认沽,2015/6/24
10000157,认购,2015/9/23
10000158,认沽,2015/9/23
10000159,认购,2015/4/22
10000160,认沽,2015/4/22
10000161,认购,2015/5/27
10000162,认沽,2015/5/27
10000163,认购,2015/6/24
10000164,认沽,2015/6/24
10000165,认购,2015/9/23
10000166,认沽,2015/9/23
10000167,认购,2015/4/22
10000168,认沽,2015/4/22
10000169,认购,2015/5/27
10000170,认沽,2015/5/27
10000171,认购,2015/6/24
10000172,认沽,2015/6/24
10000173,认购,2015/9/23
10000174,认沽,2015/9/23
10000175,认购,2015/4/22
10000176,认沽,2015/4/22
10000177,认购,2015/5/27
10000178,认沽,2015/5/27
10000179,认购,2015/6/24
10000180,认沽,2015/6/24
10000181,认购,2015/9/23
10000182,认沽,2015/9/23
10000183,认购,2015/12/23
10000184,认购,2015/12/23
10000185,认购,2015/12/23
10000186,认购,2015/12/23
10000187,认购,2015/12/23
10000188,认沽,2015/12/23
10000189,认沽,2015/12/23
10000190,认沽,2015/12/23
10000191,认沽,2015/12/23
10000192,认沽,2015/12/23
10000193,认购,2015/5/27
10000194,认沽,2015/5/27
10000195,认购,2015/6/24
10000196,认沽,2015/6/24
10000197,认购,2015/9/23
10000198,认沽,2015/9/23
10000199,认购,2015/12/23
10000200,认沽,2015/12/23
10000201,认购,2015/12/23
10000202,认沽,2015/12/23
10000203,认购,2015/12/23
10000204,认沽,2015/12/23
10000205,认购,2015/12/23
10000206,认沽,2015/12/23
10000207,认购,2015/7/22
10000208,认购,2015/7/22
10000209,认购,2015/7/22
10000210,认购,2015/7/22
10000211,认购,2015/7/22
10000212,认沽,2015/7/22
10000213,认沽,2015/7/22
10000214,认沽,2015/7/22
10000215,认沽,2015/7/22
10000216,认沽,2015/7/22
10000217,认购,2015/7/22
10000218,认购,2015/7/22
10000219,认沽,2015/7/22
10000220,认沽,2015/7/22
10000221,认购,2015/6/24
10000222,认沽,2015/6/24
10000223,认购,2015/7/22
10000224,认沽,2015/7/22
10000225,认购,2015/9/23
10000226,认沽,2015/9/23
10000227,认购,2015/12/23
10000228,认沽,2015/12/23
10000229,认购,2015/7/22
10000230,认沽,2015/7/22
10000231,认购,2015/7/22
10000232,认购,2015/7/22
10000233,认购,2015/7/22
10000234,认沽,2015/7/22
10000235,认沽,2015/7/22
10000236,认沽,2015/7/22
10000237,认购,2015/12/23
10000238,认购,2015/12/23
10000239,认沽,2015/12/23
10000240,认沽,2015/12/23
10000241,认购,2015/8/26
10000242,认购,2015/8/26
10000243,认购,2015/8/26
10000244,认购,2015/8/26
10000245,认购,2015/8/26
10000246,认沽,2015/8/26
10000247,认沽,2015/8/26
10000248,认沽,2015/8/26
10000249,认沽,2015/8/26
10000250,认沽,2015/8/26
10000251,认购,2015/8/26
10000252,认购,2015/8/26
10000253,认沽,2015/8/26
10000254,认沽,2015/8/26
10000255,认购,2015/7/22
10000256,认购,2015/7/22
10000257,认购,2015/7/22
10000258,认沽,2015/7/22
10000259,认沽,2015/7/22
10000260,认沽,2015/7/22
10000261,认购,2015/8/26
10000262,认购,2015/8/26
10000263,认购,2015/8/26
10000264,认购,2015/8/26
10000265,认沽,2015/8/26
10000266,认沽,2015/8/26
10000267,认沽,2015/8/26
10000268,认沽,2015/8/26
10000269,认购,2015/12/23
10000270,认购,2015/12/23
10000271,认购,2015/12/23
10000272,认沽,2015/12/23
10000273,认沽,2015/12/23
10000274,认沽,2015/12/23
10000275,认购,2015/7/22
10000276,认沽,2015/7/22
10000277,认购,2015/8/26
10000278,认沽,2015/8/26
10000279,认购,2015/12/23
10000280,认沽,2015/12/23
10000281,认购,2015/7/22
10000282,认沽,2015/7/22
10000283,认购,2015/8/26
10000284,认沽,2015/8/26
10000285,认购,2015/12/23
10000286,认沽,2015/12/23
10000287,认购,2016/3/23
10000288,认购,2016/3/23
10000289,认购,2016/3/23
10000290,认购,2016/3/23
10000291,认购,2016/3/23
10000292,认沽,2016/3/23
10000293,认沽,2016/3/23
10000294,认沽,2016/3/23
10000295,认沽,2016/3/23
10000296,认沽,2016/3/23
10000297,认购,2016/3/23
10000298,认沽,2016/3/23
10000299,认购,2015/8/26
10000300,认购,2015/8/26
10000301,认沽,2015/8/26
10000302,认沽,2015/8/26
10000303,认购,2015/12/23
10000304,认购,2015/12/23
10000305,认沽,2015/12/23
10000306,认沽,2015/12/23
10000307,认购,2016/3/23
10000308,认购,2016/3/23
10000309,认购,2016/3/23
10000310,认购,2016/3/23
10000311,认购,2016/3/23
10000312,认沽,2016/3/23
10000313,认沽,2016/3/23
10000314,认沽,2016/3/23
10000315,认沽,2016/3/23
10000316,认沽,2016/3/23
10000317,认购,2015/8/26
10000318,认沽,2015/8/26
10000319,认购,2015/12/23
10000320,认沽,2015/12/23
10000321,认购,2016/3/23
10000322,认沽,2016/3/23
10000323,认购,2015/8/26
10000324,认沽,2015/8/26
10000325,认购,2015/12/23
10000326,认沽,2015/12/23
10000327,认购,2016/3/23
10000328,认沽,2016/3/23
10000329,认购,2015/8/26
10000330,认沽,2015/8/26
10000331,认购,2015/12/23
10000332,认沽,2015/12/23
10000333,认购,2016/3/23
10000334,认沽,2016/3/23
10000335,认购,2015/8/26
10000336,认购,2015/8/26
10000337,认沽,2015/8/26
10000338,认沽,2015/8/26
10000339,认购,2015/9/23
10000340,认沽,2015/9/23
10000341,认购,2015/12/23
10000342,认购,2015/12/23
10000343,认沽,2015/12/23
10000344,认沽,2015/12/23
10000345,认购,2016/3/23
10000346,认购,2016/3/23
10000347,认沽,2016/3/23
10000348,认沽,2016/3/23
10000349,认购,2015/8/26
10000350,认购,2015/8/26
10000351,认购,2015/8/26
10000352,认购,2015/8/26
10000353,认沽,2015/8/26
10000354,认沽,2015/8/26
10000355,认沽,2015/8/26
10000356,认沽,2015/8/26
10000357,认购,2015/9/23
10000358,认购,2015/9/23
10000359,认购,2015/9/23
10000360,认购,2015/9/23
10000361,认沽,2015/9/23
10000362,认沽,2015/9/23
10000363,认沽,2015/9/23
10000364,认沽,2015/9/23
10000365,认购,2015/12/23
10000366,认购,2015/12/23
10000367,认购,2015/12/23
10000368,认购,2015/12/23
10000369,认沽,2015/12/23
10000370,认沽,2015/12/23
10000371,认沽,2015/12/23
10000372,认沽,2015/12/23
10000373,认购,2016/3/23
10000374,认购,2016/3/23
10000375,认购,2016/3/23
10000376,认购,2016/3/23
10000377,认沽,2016/3/23
10000378,认沽,2016/3/23
10000379,认沽,2016/3/23
10000380,认沽,2016/3/23
10000381,认购,2015/8/26
10000382,认购,2015/8/26
10000383,认购,2015/8/26
10000384,认沽,2015/8/26
10000385,认沽,2015/8/26
10000386,认沽,2015/8/26
10000387,认购,2015/9/23
10000388,认购,2015/9/23
10000389,认购,2015/9/23
10000390,认沽,2015/9/23
10000391,认沽,2015/9/23
10000392,认沽,2015/9/23
10000393,认购,2015/12/23
10000394,认购,2015/12/23
10000395,认购,2015/12/23
10000396,认沽,2015/12/23
10000397,认沽,2015/12/23
10000398,认沽,2015/12/23
10000399,认购,2016/3/23
10000400,认购,2016/3/23
10000401,认购,2016/3/23
10000402,认沽,2016/3/23
10000403,认沽,2016/3/23
10000404,认沽,2016/3/23
10000405,认购,2015/10/28
10000406,认购,2015/10/28
10000407,认购,2015/10/28
10000408,认购,2015/10/28
10000409,认购,2015/10/28
10000410,认沽,2015/10/28
10000411,认沽,2015/10/28
10000412,认沽,2015/10/28
10000413,认沽,2015/10/28
10000414,认沽,2015/10/28
10000415,认购,2015/10/28
10000416,认购,2015/10/28
10000417,认购,2015/10/28
10000418,认沽,2015/10/28
10000419,认沽,2015/10/28
10000420,认沽,2015/10/28
10000421,认购,2015/10/28
10000422,认沽,2015/10/28
10000423,认购,2015/10/28
10000424,认沽,2015/10/28
10000425,认购,2015/10/28
10000426,认沽,2015/10/28
10000427,认购,2015/11/25
10000428,认购,2015/11/25
10000429,认购,2015/11/25
10000430,认购,2015/11/25
10000431,认购,2015/11/25
10000432,认沽,2015/11/25
10000433,认沽,2015/11/25
10000434,认沽,2015/11/25
10000435,认沽,2015/11/25
10000436,认沽,2015/11/25
10000437,认购,2015/11/25
10000438,认沽,2015/11/25
10000439,认购,2015/10/28
10000440,认沽,2015/10/28
10000441,认购,2015/11/25
10000442,认购,2015/11/25
10000443,认沽,2015/11/25
10000444,认沽,2015/11/25
10000445,认购,2015/10/28
10000446,认沽,2015/10/28
10000447,认购,2015/11/25
10000448,认沽,2015/11/25
10000449,认购,2016/6/22
10000450,认购,2016/6/22
10000451,认购,2016/6/22
10000452,认购,2016/6/22
10000453,认购,2016/6/22
10000454,认沽,2016/6/22
10000455,认沽,2016/6/22
10000456,认沽,2016/6/22
10000457,认沽,2016/6/22
10000458,认沽,2016/6/22
10000459,认购,2016/6/22
10000460,认沽,2016/6/22
10000461,认购,2015/11/25
10000462,认沽,2015/11/25
10000463,认购,2016/6/22
10000464,认购,2016/6/22
10000465,认沽,2016/6/22
10000466,认沽,2016/6/22
10000467,认购,2015/11/25
10000468,认沽,2015/11/25
10000469,认购,2016/6/22
10000470,认沽,2016/6/22
10000471,认购,2015/11/25
10000472,认沽,2015/11/25
10000473,认购,2016/6/22
10000474,认沽,2016/6/22
10000475,认购,2015/11/25
10000476,认沽,2015/11/25
10000477,认购,2016/6/22
10000478,认沽,2016/6/22
10000479,认购,2016/1/27
10000480,认购,2016/1/27
10000481,认购,2016/1/27
10000482,认购,2016/1/27
10000483,认购,2016/1/27
10000484,认沽,2016/1/27
10000485,认沽,2016/1/27
10000486,认沽,2016/1/27
10000487,认沽,2016/1/27
10000488,认沽,2016/1/27
10000489,认购,2016/1/27
10000490,认购,2016/1/27
10000491,认购,2016/1/27
10000492,认沽,2016/1/27
10000493,认沽,2016/1/27
10000494,认沽,2016/1/27
10000495,认购,2016/1/27
10000496,认沽,2016/1/27
10000497,认购,2016/2/24
10000498,认购,2016/2/24
10000499,认购,2016/2/24
10000500,认购,2016/2/24
10000501,认购,2016/2/24
10000502,认沽,2016/2/24
10000503,认沽,2016/2/24
10000504,认沽,2016/2/24
10000505,认沽,2016/2/24
10000506,认沽,2016/2/24
10000507,认购,2016/2/24
10000508,认购,2016/2/24
10000509,认沽,2016/2/24
10000510,认沽,2016/2/24
10000511,认购,2016/2/24
10000512,认购,2016/2/24
10000513,认沽,2016/2/24
10000514,认沽,2016/2/24
10000515,认购,2016/1/27
10000516,认购,2016/1/27
10000517,认沽,2016/1/27
10000518,认沽,2016/1/27
10000519,认购,2016/2/24
10000520,认购,2016/2/24
10000521,认沽,2016/2/24
10000522,认沽,2016/2/24
10000523,认购,2016/6/22
10000524,认沽,2016/6/22
10000525,认购,2016/1/27
10000526,认沽,2016/1/27
10000527,认购,2016/2/24
10000528,认沽,2016/2/24
10000529,认购,2016/6/22
10000530,认沽,2016/6/22
10000531,认购,2016/1/27
10000532,认沽,2016/1/27
10000533,认购,2016/2/24
10000534,认沽,2016/2/24
10000535,认购,2016/6/22
10000536,认沽,2016/6/22
10000537,认购,2016/1/27
10000538,认沽,2016/1/27
10000539,认购,2016/2/24
10000540,认沽,2016/2/24
10000541,认购,2016/6/22
10000542,认沽,2016/6/22
10000543,认购,2016/1/27
10000544,认购,2016/1/27
10000545,认沽,2016/1/27
10000546,认沽,2016/1/27
10000547,认购,2016/2/24
10000548,认购,2016/2/24
10000549,认沽,2016/2/24
10000550,认沽,2016/2/24
10000551,认购,2016/6/22
10000552,认购,2016/6/22
10000553,认沽,2016/6/22
10000554,认沽,2016/6/22
10000555,认购,2016/9/28
10000556,认购,2016/9/28
10000557,认购,2016/9/28
10000558,认购,2016/9/28
10000559,认购,2016/9/28
10000560,认沽,2016/9/28
10000561,认沽,2016/9/28
10000562,认沽,2016/9/28
10000563,认沽,2016/9/28
10000564,认沽,2016/9/28
10000565,认购,2016/2/24
10000566,认沽,2016/2/24
10000567,认购,2016/6/22
10000568,认沽,2016/6/22
10000569,认购,2016/9/28
10000570,认沽,2016/9/28
10000571,认购,2016/9/28
10000572,认沽,2016/9/28
10000573,认购,2016/9/28
10000574,认沽,2016/9/28
10000575,认购,2016/4/27
10000576,认购,2016/4/27
10000577,认购,2016/4/27
10000578,认购,2016/4/27
10000579,认购,2016/4/27
10000580,认沽,2016/4/27
10000581,认沽,2016/4/27
10000582,认沽,2016/4/27
10000583,认沽,2016/4/27
10000584,认沽,2016/4/27
10000585,认购,2016/4/27
10000586,认购,2016/4/27
10000587,认沽,2016/4/27
10000588,认沽,2016/4/27
10000589,认购,2016/4/27
10000590,认沽,2016/4/27
10000591,认购,2016/9/28
10000592,认沽,2016/9/28
10000593,认购,2016/4/27
10000594,认沽,2016/4/27
10000595,认购,2016/9/28
10000596,认沽,2016/9/28
10000597,认购,2016/4/27
10000598,认沽,2016/4/27
10000599,认购,2016/9/28
10000600,认沽,2016/9/28
10000601,认购,2016/5/25
10000602,认购,2016/5/25
10000603,认购,2016/5/25
10000604,认购,2016/5/25
10000605,认购,2016/5/25
10000606,认沽,2016/5/25
10000607,认沽,2016/5/25
10000608,认沽,2016/5/25
10000609,认沽,2016/5/25
10000610,认沽,2016/5/25
10000611,认购,2016/5/25
10000612,认沽,2016/5/25
10000613,认购,2016/5/25
10000614,认沽,2016/5/25
10000615,认购,2016/12/28
10000616,认购,2016/12/28
10000617,认购,2016/12/28
10000618,认购,2016/12/28
10000619,认购,2016/12/28
10000620,认沽,2016/12/28
10000621,认沽,2016/12/28
10000622,认沽,2016/12/28
10000623,认沽,2016/12/28
10000624,认沽,2016/12/28
10000625,认购,2016/12/28
10000626,认沽,2016/12/28
10000627,认购,2016/5/25
10000628,认沽,2016/5/25
10000629,认购,2016/12/28
10000630,认沽,2016/12/28
10000631,认购,2016/7/27
10000632,认购,2016/7/27
10000633,认购,2016/7/27
10000634,认购,2016/7/27
10000635,认购,2016/7/27
10000636,认沽,2016/7/27
10000637,认沽,2016/7/27
10000638,认沽,2016/7/27
10000639,认沽,2016/7/27
10000640,认沽,2016/7/27
10000641,认购,2016/7/27
10000642,认沽,2016/7/27
10000643,认购,2016/7/27
10000644,认沽,2016/7/27
10000645,认购,2016/8/24
10000646,认购,2016/8/24
10000647,认购,2016/8/24
10000648,认购,2016/8/24
10000649,认购,2016/8/24
10000650,认沽,2016/8/24
10000651,认沽,2016/8/24
10000652,认沽,2016/8/24
10000653,认沽,2016/8/24
10000654,认沽,2016/8/24
10000655,认购,2016/8/24
10000656,认沽,2016/8/24
10000657,认购,2016/7/27
10000658,认沽,2016/7/27
10000659,认购,2016/8/24
10000660,认沽,2016/8/24
10000661,认购,2016/12/28
10000662,认沽,2016/12/28
10000663,认购,2016/7/27
10000664,认沽,2016/7/27
10000665,认购,2016/8/24
10000666,认沽,2016/8/24
10000667,认购,2016/9/28
10000668,认沽,2016/9/28
10000669,认购,2016/12/28
10000670,认沽,2016/12/28
10000671,认购,2017/3/22
10000672,认购,2017/3/22
10000673,认购,2017/3/22
10000674,认购,2017/3/22
10000675,认购,2017/3/22
10000676,认沽,2017/3/22
10000677,认沽,2017/3/22
10000678,认沽,2017/3/22
10000679,认沽,2017/3/22
10000680,认沽,2017/3/22
10000681,认购,2017/3/22
10000682,认沽,2017/3/22
10000683,认购,2016/8/24
10000684,认购,2016/8/24
10000685,认沽,2016/8/24
10000686,认沽,2016/8/24
10000687,认购,2016/9/28
10000688,认购,2016/9/28
10000689,认沽,2016/9/28
10000690,认沽,2016/9/28
10000691,认购,2016/12/28
10000692,认购,2016/12/28
10000693,认沽,2016/12/28
10000694,认沽,2016/12/28
10000695,认购,2017/3/22
10000696,认购,2017/3/22
10000697,认沽,2017/3/22
10000698,认沽,2017/3/22
10000699,认购,2016/10/26
10000700,认购,2016/10/26
10000701,认购,2016/10/26
10000702,认购,2016/10/26
10000703,认购,2016/10/26
10000704,认沽,2016/10/26
10000705,认沽,2016/10/26
10000706,认沽,2016/10/26
10000707,认沽,2016/10/26
10000708,认沽,2016/10/26
10000709,认购,2016/10/26
10000710,认沽,2016/10/26
10000711,认购,2016/10/26
10000712,认沽,2016/10/26
10000713,认购,2016/11/23
10000714,认购,2016/11/23
10000715,认购,2016/11/23
10000716,认购,2016/11/23
10000717,认购,2016/11/23
10000718,认沽,2016/11/23
10000719,认沽,2016/11/23
10000720,认沽,2016/11/23
10000721,认沽,2016/11/23
10000722,认沽,2016/11/23
10000723,认购,2016/11/23
10000724,认沽,2016/11/23
10000725,认购,2016/11/23
10000726,认沽,2016/11/23
10000727,认购,2017/6/28
10000728,认购,2017/6/28
10000729,认购,2017/6/28
10000730,认购,2017/6/28
10000731,认购,2017/6/28
10000732,认沽,2017/6/28
10000733,认沽,2017/6/28
10000734,认沽,2017/6/28
10000735,认沽,2017/6/28
10000736,认沽,2017/6/28
10000737,认购,2016/11/23
10000738,认沽,2016/11/23
10000739,认购,2017/6/28
10000740,认沽,2017/6/28
10000741,认购,2016/11/23
10000742,认沽,2016/11/23
10000743,认购,2016/12/28
10000744,认沽,2016/12/28
10000745,认购,2017/3/22
10000746,认沽,2017/3/22
10000747,认购,2017/6/28
10000748,认沽,2017/6/28
10000749,认购,2017/1/25
10000750,认购,2017/1/25
10000751,认购,2017/1/25
10000752,认购,2017/1/25
10000753,认购,2017/1/25
10000754,认沽,2017/1/25
10000755,认沽,2017/1/25
10000756,认沽,2017/1/25
10000757,认沽,2017/1/25
10000758,认沽,2017/1/25
10000759,认购,2016/12/28
10000760,认沽,2016/12/28
10000761,认购,2017/1/25
10000762,认沽,2017/1/25
10000763,认购,2017/3/22
10000764,认沽,2017/3/22
10000765,认购,2017/6/28
10000766,认沽,2017/6/28
10000767,认购,2016/12/28
10000768,认购,2016/12/28
10000769,认购,2016/12/28
10000770,认购,2016/12/28
10000771,认购,2016/12/28
10000772,认沽,2016/12/28
10000773,认沽,2016/12/28
10000774,认沽,2016/12/28
10000775,认沽,2016/12/28
10000776,认沽,2016/12/28
10000777,认购,2017/1/25
10000778,认购,2017/1/25
10000779,认购,2017/1/25
10000780,认购,2017/1/25
10000781,认购,2017/1/25
10000782,认沽,2017/1/25
10000783,认沽,2017/1/25
10000784,认沽,2017/1/25
10000785,认沽,2017/1/25
10000786,认沽,2017/1/25
10000787,认购,2017/3/22
10000788,认购,2017/3/22
10000789,认购,2017/3/22
10000790,认购,2017/3/22
10000791,认购,2017/3/22
10000792,认沽,2017/3/22
10000793,认沽,2017/3/22
10000794,认沽,2017/3/22
10000795,认沽,2017/3/22
10000796,认沽,2017/3/22
10000797,认购,2017/6/28
10000798,认购,2017/6/28
10000799,认购,2017/6/28
10000800,认购,2017/6/28
10000801,认购,2017/6/28
10000802,认沽,2017/6/28
10000803,认沽,2017/6/28
10000804,认沽,2017/6/28
10000805,认沽,2017/6/28
10000806,认沽,2017/6/28
10000807,认购,2016/12/28
10000808,认沽,2016/12/28
10000809,认购,2017/1/25
10000810,认沽,2017/1/25
10000811,认购,2017/3/22
10000812,认沽,2017/3/22
10000813,认购,2017/6/28
10000814,认沽,2017/6/28
10000815,认购,2016/12/28
10000816,认沽,2016/12/28
10000817,认购,2017/1/25
10000818,认沽,2017/1/25
10000819,认购,2017/3/22
10000820,认沽,2017/3/22
10000821,认购,2017/6/28
10000822,认沽,2017/6/28
10000823,认购,2016/12/28
10000824,认沽,2016/12/28
10000825,认购,2017/1/25
10000826,认沽,2017/1/25
10000827,认购,2017/3/22
10000828,认沽,2017/3/22
10000829,认购,2017/6/28
10000830,认沽,2017/6/28
10000831,认购,2017/2/22
10000832,认购,2017/2/22
10000833,认购,2017/2/22
10000834,认购,2017/2/22
10000835,认购,2017/2/22
10000836,认沽,2017/2/22
10000837,认沽,2017/2/22
10000838,认沽,2017/2/22
10000839,认沽,2017/2/22
10000840,认沽,2017/2/22
10000841,认购,2017/2/22
10000842,认沽,2017/2/22
10000843,认购,2017/9/27
10000844,认购,2017/9/27
10000845,认购,2017/9/27
10000846,认购,2017/9/27
10000847,认购,2017/9/27
10000848,认沽,2017/9/27
10000849,认沽,2017/9/27
10000850,认沽,2017/9/27
10000851,认沽,2017/9/27
10000852,认沽,2017/9/27
10000853,认购,2017/2/22
10000854,认沽,2017/2/22
10000855,认购,2017/9/27
10000856,认沽,2017/9/27
10000857,认购,2017/4/26
10000858,认购,2017/4/26
10000859,认购,2017/4/26
10000860,认购,2017/4/26
10000861,认购,2017/4/26
10000862,认沽,2017/4/26
10000863,认沽,2017/4/26
10000864,认沽,2017/4/26
10000865,认沽,2017/4/26
10000866,认沽,2017/4/26
10000867,认购,2017/4/26
10000868,认沽,2017/4/26
10000869,认购,2017/5/24
10000870,认购,2017/5/24
10000871,认购,2017/5/24
10000872,认购,2017/5/24
10000873,认购,2017/5/24
10000874,认沽,2017/5/24
10000875,认沽,2017/5/24
10000876,认沽,2017/5/24
10000877,认沽,2017/5/24
10000878,认沽,2017/5/24
10000879,认购,2017/5/24
10000880,认沽,2017/5/24
10000881,认购,2017/4/26
10000882,认沽,2017/4/26
10000883,认购,2017/5/24
10000884,认沽,2017/5/24
10000885,认购,2017/9/27
10000886,认沽,2017/9/27
10000887,认购,2017/12/27
10000888,认购,2017/12/27
10000889,认购,2017/12/27
10000890,认购,2017/12/27
10000891,认购,2017/12/27
10000892,认沽,2017/12/27
10000893,认沽,2017/12/27
10000894,认沽,2017/12/27
10000895,认沽,2017/12/27
10000896,认沽,2017/12/27
10000897,认购,2017/12/27
10000898,认沽,2017/12/27
10000899,认购,2017/12/27
10000900,认沽,2017/12/27
10000901,认购,2017/7/26
10000902,认购,2017/7/26
10000903,认购,2017/7/26
10000904,认购,2017/7/26
10000905,认购,2017/7/26
10000906,认沽,2017/7/26
10000907,认沽,2017/7/26
10000908,认沽,2017/7/26
10000909,认沽,2017/7/26
10000910,认沽,2017/7/26
10000911,认购,2017/7/26
10000912,认沽,2017/7/26
10000913,认购,2017/9/27
10000914,认沽,2017/9/27
10000915,认购,2017/12/27
10000916,认沽,2017/12/27
10000917,认购,2017/6/28
10000918,认沽,2017/6/28
10000919,认购,2017/7/26
10000920,认沽,2017/7/26
10000921,认购,2017/9/27
10000922,认沽,2017/9/27
10000923,认购,2017/12/27
10000924,认沽,2017/12/27
10000925,认购,2017/6/28
10000926,认沽,2017/6/28
10000927,认购,2017/7/26
10000928,认沽,2017/7/26
10000929,认购,2017/9/27
10000930,认沽,2017/9/27
10000931,认购,2017/12/27
10000932,认沽,2017/12/27
10000933,认购,2017/8/23
10000934,认购,2017/8/23
10000935,认购,2017/8/23
10000936,认购,2017/8/23
10000937,认购,2017/8/23
10000938,认沽,2017/8/23
10000939,认沽,2017/8/23
10000940,认沽,2017/8/23
10000941,认沽,2017/8/23
10000942,认沽,2017/8/23
10000943,认购,2017/8/23
10000944,认沽,2017/8/23
10000945,认购,2017/7/26
10000946,认沽,2017/7/26
10000947,认购,2017/8/23
10000948,认沽,2017/8/23
10000949,认购,2017/9/27
10000950,认沽,2017/9/27
10000951,认购,2017/12/27
10000952,认沽,2017/12/27
10000953,认购,2017/7/26
10000954,认沽,2017/7/26
10000955,认购,2017/8/23
10000956,认沽,2017/8/23
10000957,认购,2017/9/27
10000958,认沽,2017/9/27
10000959,认购,2017/12/27
10000960,认沽,2017/12/27
10000961,认购,2017/7/26
10000962,认沽,2017/7/26
10000963,认购,2017/8/23
10000964,认沽,2017/8/23
10000965,认购,2017/9/27
10000966,认沽,2017/9/27
10000967,认购,2017/12/27
10000968,认沽,2017/12/27
10000969,认购,2018/3/28
10000970,认购,2018/3/28
10000971,认购,2018/3/28
10000972,认购,2018/3/28
10000973,认购,2018/3/28
10000974,认沽,2018/3/28
10000975,认沽,2018/3/28
10000976,认沽,2018/3/28
10000977,认沽,2018/3/28
10000978,认沽,2018/3/28
10000979,认购,2017/8/23
10000980,认沽,2017/8/23
10000981,认购,2017/9/27
10000982,认沽,2017/9/27
10000983,认购,2017/12/27
10000984,认沽,2017/12/27
10000985,认购,2018/3/28
10000986,认沽,2018/3/28
10000987,认购,2018/3/28
10000988,认沽,2018/3/28
10000989,认购,2018/3/28
10000990,认沽,2018/3/28
10000991,认购,2017/10/25
10000992,认购,2017/10/25
10000993,认购,2017/10/25
10000994,认购,2017/10/25
10000995,认购,2017/10/25
10000996,认沽,2017/10/25
10000997,认沽,2017/10/25
10000998,认沽,2017/10/25
10000999,认沽,2017/10/25
10001000,认沽,2017/10/25
10001001,认购,2017/10/25
10001002,认沽,2017/10/25
10001003,认购,2017/9/27
10001004,认沽,2017/9/27
10001005,认购,2017/10/25
10001006,认沽,2017/10/25
10001007,认购,2017/12/27
10001008,认沽,2017/12/27
10001009,认购,2018/3/28
10001010,认沽,2018/3/28
10001011,认购,2017/11/22
10001012,认购,2017/11/22
10001013,认购,2017/11/22
10001014,认购,2017/11/22
10001015,认购,2017/11/22
10001016,认沽,2017/11/22
10001017,认沽,2017/11/22
10001018,认沽,2017/11/22
10001019,认沽,2017/11/22
10001020,认沽,2017/11/22
10001021,认购,2017/11/22
10001022,认沽,2017/11/22
10001023,认购,2017/11/22
10001024,认沽,2017/11/22
10001025,认购,2018/6/27
10001026,认购,2018/6/27
10001027,认购,2018/6/27
10001028,认购,2018/6/27
10001029,认购,2018/6/27
10001030,认沽,2018/6/27
10001031,认沽,2018/6/27
10001032,认沽,2018/6/27
10001033,认沽,2018/6/27
10001034,认沽,2018/6/27
10001035,认购,2017/11/22
10001036,认沽,2017/11/22
10001037,认购,2017/12/27
10001038,认沽,2017/12/27
10001039,认购,2018/3/28
10001040,认沽,2018/3/28
10001041,认购,2018/6/27
10001042,认沽,2018/6/27
10001043,认购,2017/11/22
10001044,认沽,2017/11/22
10001045,认购,2017/12/27
10001046,认沽,2017/12/27
10001047,认购,2018/3/28
10001048,认沽,2018/3/28
10001049,认购,2018/6/27
10001050,认沽,2018/6/27
10001051,认购,2017/11/22
10001052,认沽,2017/11/22
10001053,认购,2017/12/27
10001054,认沽,2017/12/27
10001055,认购,2018/3/28
10001056,认沽,2018/3/28
10001057,认购,2018/6/27
10001058,认沽,2018/6/27
10001059,认购,2017/11/22
10001060,认沽,2017/11/22
10001061,认购,2017/12/27
10001062,认沽,2017/12/27
10001063,认购,2018/3/28
10001064,认沽,2018/3/28
10001065,认购,2018/6/27
10001066,认沽,2018/6/27
10001067,认购,2017/12/27
10001068,认沽,2017/12/27
10001069,认购,2018/3/28
10001070,认沽,2018/3/28
10001071,认购,2018/6/27
10001072,认沽,2018/6/27
10001073,认购,2018/1/24
10001074,认购,2018/1/24
10001075,认购,2018/1/24
10001076,认购,2018/1/24
10001077,认购,2018/1/24
10001078,认沽,2018/1/24
10001079,认沽,2018/1/24
10001080,认沽,2018/1/24
10001081,认沽,2018/1/24
10001082,认沽,2018/1/24
10001083,认购,2018/1/24
10001084,认沽,2018/1/24
10001085,认购,2017/12/27
10001086,认购,2017/12/27
10001087,认购,2017/12/27
10001088,认购,2017/12/27
10001089,认购,2017/12/27
10001090,认沽,2017/12/27
10001091,认沽,2017/12/27
10001092,认沽,2017/12/27
10001093,认沽,2017/12/27
10001094,认沽,2017/12/27
10001095,认购,2018/1/24
10001096,认购,2018/1/24
10001097,认购,2018/1/24
10001098,认购,2018/1/24
10001099,认购,2018/1/24
10001100,认沽,2018/1/24
10001101,认沽,2018/1/24
10001102,认沽,2018/1/24
10001103,认沽,2018/1/24
10001104,认沽,2018/1/24
10001105,认购,2018/3/28
10001106,认购,2018/3/28
10001107,认购,2018/3/28
10001108,认购,2018/3/28
10001109,认购,2018/3/28
10001110,认沽,2018/3/28
10001111,认沽,2018/3/28
10001112,认沽,2018/3/28
10001113,认沽,2018/3/28
10001114,认沽,2018/3/28
10001115,认购,2018/6/27
10001116,认购,2018/6/27
10001117,认购,2018/6/27
10001118,认购,2018/6/27
10001119,认购,2018/6/27
10001120,认沽,2018/6/27
10001121,认沽,2018/6/27
10001122,认沽,2018/6/27
10001123,认沽,2018/6/27
10001124,认沽,2018/6/27
10001125,认购,2017/12/27
10001126,认沽,2017/12/27
10001127,认购,2018/1/24
10001128,认沽,2018/1/24
10001129,认购,2018/3/28
10001130,认沽,2018/3/28
10001131,认购,2018/6/27
10001132,认沽,2018/6/27
10001133,认购,2017/12/27
10001134,认沽,2017/12/27
10001135,认购,2018/1/24
10001136,认沽,2018/1/24
10001137,认购,2018/3/28
10001138,认沽,2018/3/28
10001139,认购,2018/6/27
10001140,认沽,2018/6/27
10001141,认购,2018/2/28
10001142,认购,2018/2/28
10001143,认购,2018/2/28
10001144,认购,2018/2/28
10001145,认购,2018/2/28
10001146,认沽,2018/2/28
10001147,认沽,2018/2/28
10001148,认沽,2018/2/28
10001149,认沽,2018/2/28
10001150,认沽,2018/2/28
10001151,认购,2018/1/24
10001152,认购,2018/1/24
10001153,认沽,2018/1/24
10001154,认沽,2018/1/24
10001155,认购,2018/2/28
10001156,认购,2018/2/28
10001157,认购,2018/2/28
10001158,认购,2018/2/28
10001159,认沽,2018/2/28
10001160,认沽,2018/2/28
10001161,认沽,2018/2/28
10001162,认沽,2018/2/28
10001163,认购,2018/3/28
10001164,认购,2018/3/28
10001165,认沽,2018/3/28
10001166,认沽,2018/3/28
10001167,认购,2018/6/27
10001168,认购,2018/6/27
10001169,认沽,2018/6/27
10001170,认沽,2018/6/27
10001171,认购,2018/1/24
10001172,认沽,2018/1/24
10001173,认购,2018/2/28
10001174,认沽,2018/2/28
10001175,认购,2018/3/28
10001176,认沽,2018/3/28
10001177,认购,2018/6/27
10001178,认沽,2018/6/27
10001179,认购,2018/1/24
10001180,认沽,2018/1/24
10001181,认购,2018/2/28
10001182,认沽,2018/2/28
10001183,认购,2018/3/28
10001184,认沽,2018/3/28
10001185,认购,2018/6/27
10001186,认沽,2018/6/27
10001187,认购,2018/1/24
10001188,认沽,2018/1/24
10001189,认购,2018/2/28
10001190,认沽,2018/2/28
10001191,认购,2018/3/28
10001192,认沽,2018/3/28
10001193,认购,2018/6/27
10001194,认沽,2018/6/27
10001195,认购,2018/1/24
10001196,认沽,2018/1/24
10001197,认购,2018/2/28
10001198,认沽,2018/2/28
10001199,认购,2018/3/28
10001200,认沽,2018/3/28
10001201,认购,2018/6/27
10001202,认沽,2018/6/27
10001203,认购,2018/1/24
10001204,认沽,2018/1/24
10001205,认购,2018/2/28
10001206,认沽,2018/2/28
10001207,认购,2018/3/28
10001208,认沽,2018/3/28
10001209,认购,2018/6/27
10001210,认沽,2018/6/27
10001211,认购,2018/9/26
10001212,认购,2018/9/26
10001213,认购,2018/9/26
10001214,认购,2018/9/26
10001215,认购,2018/9/26
10001216,认购,2018/9/26
10001217,认购,2018/9/26
10001218,认购,2018/9/26
10001219,认购,2018/9/26
10001220,认沽,2018/9/26
10001221,认沽,2018/9/26
10001222,认沽,2018/9/26
10001223,认沽,2018/9/26
10001224,认沽,2018/9/26
10001225,认沽,2018/9/26
10001226,认沽,2018/9/26
10001227,认沽,2018/9/26
10001228,认沽,2018/9/26
10001229,认购,2018/9/26
10001230,认沽,2018/9/26
10001231,认购,2018/9/26
10001232,认沽,2018/9/26
10001233,认购,2018/9/26
10001234,认沽,2018/9/26
10001235,认购,2018/2/28
10001236,认沽,2018/2/28
10001237,认购,2018/3/28
10001238,认沽,2018/3/28
10001239,认购,2018/6/27
10001240,认沽,2018/6/27
10001241,认购,2018/9/26
10001242,认购,2018/9/26
10001243,认购,2018/9/26
10001244,认沽,2018/9/26
10001245,认沽,2018/9/26
10001246,认沽,2018/9/26
10001247,认购,2018/4/25
10001248,认购,2018/4/25
10001249,认购,2018/4/25
10001250,认购,2018/4/25
10001251,认购,2018/4/25
10001252,认购,2018/4/25
10001253,认购,2018/4/25
10001254,认购,2018/4/25
10001255,认购,2018/4/25
10001256,认沽,2018/4/25
10001257,认沽,2018/4/25
10001258,认沽,2018/4/25
10001259,认沽,2018/4/25
10001260,认沽,2018/4/25
10001261,认沽,2018/4/25
10001262,认沽,2018/4/25
10001263,认沽,2018/4/25
10001264,认沽,2018/4/25
10001265,认购,2018/4/25
10001266,认沽,2018/4/25
10001267,认购,2018/4/25
10001268,认沽,2018/4/25
10001269,认购,2018/3/28
10001270,认沽,2018/3/28
10001271,认购,2018/4/25
10001272,认沽,2018/4/25
10001273,认购,2018/6/27
10001274,认沽,2018/6/27
10001275,认购,2018/9/26
10001276,认沽,2018/9/26
10001277,认购,2018/4/25
10001278,认沽,2018/4/25
10001279,认购,2018/6/27
10001280,认沽,2018/6/27
10001281,认购,2018/9/26
10001282,认沽,2018/9/26
10001283,认购,2018/5/23
10001284,认购,2018/5/23
10001285,认购,2018/5/23
10001286,认购,2018/5/23
10001287,认购,2018/5/23
10001288,认购,2018/5/23
10001289,认购,2018/5/23
10001290,认购,2018/5/23
10001291,认购,2018/5/23
10001292,认沽,2018/5/23
10001293,认沽,2018/5/23
10001294,认沽,2018/5/23
10001295,认沽,2018/5/23
10001296,认沽,2018/5/23
10001297,认沽,2018/5/23
10001298,认沽,2018/5/23
10001299,认沽,2018/5/23
10001300,认沽,2018/5/23
10001301,认购,2018/5/23
10001302,认沽,2018/5/23
10001303,认购,2018/5/23
10001304,认沽,2018/5/23
10001305,认购,2018/4/25
10001306,认沽,2018/4/25
10001307,认购,2018/5/23
10001308,认沽,2018/5/23
10001309,认购,2018/6/27
10001310,认沽,2018/6/27
10001311,认购,2018/9/26
10001312,认沽,2018/9/26
10001313,认购,2018/12/26
10001314,认购,2018/12/26
10001315,认购,2018/12/26
10001316,认购,2018/12/26
10001317,认购,2018/12/26
10001318,认购,2018/12/26
10001319,认购,2018/12/26
10001320,认购,2018/12/26
10001321,认购,2018/12/26
10001322,认沽,2018/12/26
10001323,认沽,2018/12/26
10001324,认沽,2018/12/26
10001325,认沽,2018/12/26
10001326,认沽,2018/12/26
10001327,认沽,2018/12/26
10001328,认沽,2018/12/26
10001329,认沽,2018/12/26
10001330,认沽,2018/12/26
10001331,认购,2018/12/26
10001332,认沽,2018/12/26
10001333,认购,2018/12/26
10001334,认沽,2018/12/26
10001335,认购,2018/7/25
10001336,认购,2018/7/25
10001337,认购,2018/7/25
10001338,认购,2018/7/25
10001339,认购,2018/7/25
10001340,认购,2018/7/25
10001341,认购,2018/7/25
10001342,认购,2018/7/25
10001343,认购,2018/7/25
10001344,认沽,2018/7/25
10001345,认沽,2018/7/25
10001346,认沽,2018/7/25
10001347,认沽,2018/7/25
10001348,认沽,2018/7/25
10001349,认沽,2018/7/25
10001350,认沽,2018/7/25
10001351,认沽,2018/7/25
10001352,认沽,2018/7/25
10001353,认购,2018/6/27
10001354,认沽,2018/6/27
10001355,认购,2018/7/25
10001356,认沽,2018/7/25
10001357,认购,2018/9/26
10001358,认沽,2018/9/26
10001359,认购,2018/12/26
10001360,认沽,2018/12/26
10001361,认购,2018/7/25
10001362,认沽,2018/7/25
10001363,认购,2018/6/27
10001364,认沽,2018/6/27
10001365,认购,2018/7/25
10001366,认沽,2018/7/25
10001367,认购,2018/9/26
10001368,认沽,2018/9/26
10001369,认购,2018/12/26
10001370,认沽,2018/12/26
10001371,认购,2018/6/27
10001372,认沽,2018/6/27
10001373,认购,2018/7/25
10001374,认沽,2018/7/25
10001375,认购,2018/9/26
10001376,认沽,2018/9/26
10001377,认购,2018/12/26
10001378,认沽,2018/12/26
10001379,认购,2018/7/25
10001380,认沽,2018/7/25
10001381,认购,2018/9/26
10001382,认沽,2018/9/26
10001383,认购,2018/12/26
10001384,认沽,2018/12/26
10001385,认购,2018/8/22
10001386,认购,2018/8/22
10001387,认购,2018/8/22
10001388,认购,2018/8/22
10001389,认购,2018/8/22
10001390,认购,2018/8/22
10001391,认购,2018/8/22
10001392,认购,2018/8/22
10001393,认购,2018/8/22
10001394,认沽,2018/8/22
10001395,认沽,2018/8/22
10001396,认沽,2018/8/22
10001397,认沽,2018/8/22
10001398,认沽,2018/8/22
10001399,认沽,2018/8/22
10001400,认沽,2018/8/22
10001401,认沽,2018/8/22
10001402,认沽,2018/8/22
10001403,认购,2018/8/22
10001404,认沽,2018/8/22
10001405,认购,2018/7/25
10001406,认沽,2018/7/25
10001407,认购,2018/8/22
10001408,认沽,2018/8/22
10001409,认购,2018/9/26
10001410,认沽,2018/9/26
10001411,认购,2018/12/26
10001412,认沽,2018/12/26
10001413,认购,2018/8/22
10001414,认沽,2018/8/22
10001415,认购,2018/8/22
10001416,认沽,2018/8/22
10001417,认购,2019/3/27
10001418,认购,2019/3/27
10001419,认购,2019/3/27
10001420,认购,2019/3/27
10001421,认购,2019/3/27
10001422,认购,2019/3/27
10001423,认购,2019/3/27
10001424,认购,2019/3/27
10001425,认购,2019/3/27
10001426,认沽,2019/3/27
10001427,认沽,2019/3/27
10001428,认沽,2019/3/27
10001429,认沽,2019/3/27
10001430,认沽,2019/3/27
10001431,认沽,2019/3/27
10001432,认沽,2019/3/27
10001433,认沽,2019/3/27
10001434,认沽,2019/3/27
10001435,认购,2019/3/27
10001436,认沽,2019/3/27
10001437,认购,2019/3/27
10001438,认沽,2019/3/27
10001439,认购,2019/3/27
10001440,认沽,2019/3/27
10001441,认购,2019/3/27
10001442,认沽,2019/3/27
10001443,认购,2018/10/24
10001444,认购,2018/10/24
10001445,认购,2018/10/24
10001446,认购,2018/10/24
10001447,认购,2018/10/24
10001448,认购,2018/10/24
10001449,认购,2018/10/24
10001450,认购,2018/10/24
10001451,认购,2018/10/24
10001452,认沽,2018/10/24
10001453,认沽,2018/10/24
10001454,认沽,2018/10/24
10001455,认沽,2018/10/24
10001456,认沽,2018/10/24
10001457,认沽,2018/10/24
10001458,认沽,2018/10/24
10001459,认沽,2018/10/24
10001460,认沽,2018/10/24
10001461,认购,2018/10/24
10001462,认沽,2018/10/24
10001463,认购,2018/10/24
10001464,认沽,2018/10/24
10001465,认购,2018/10/24
10001466,认购,2018/10/24
10001467,认沽,2018/10/24
10001468,认沽,2018/10/24
10001469,认购,2019/3/27
10001470,认沽,2019/3/27
10001471,认购,2018/11/28
10001472,认购,2018/11/28
10001473,认购,2018/11/28
10001474,认购,2018/11/28
10001475,认购,2018/11/28
10001476,认购,2018/11/28
10001477,认购,2018/11/28
10001478,认购,2018/11/28
10001479,认购,2018/11/28
10001480,认沽,2018/11/28
10001481,认沽,2018/11/28
10001482,认沽,2018/11/28
10001483,认沽,2018/11/28
10001484,认沽,2018/11/28
10001485,认沽,2018/11/28
10001486,认沽,2018/11/28
10001487,认沽,2018/11/28
10001488,认沽,2018/11/28
10001489,认购,2018/11/28
10001490,认购,2018/11/28
10001491,认沽,2018/11/28
10001492,认沽,2018/11/28
10001493,认购,2018/11/28
10001494,认购,2018/11/28
10001495,认沽,2018/11/28
10001496,认沽,2018/11/28
10001497,认购,2018/10/24
10001498,认沽,2018/10/24
10001499,认购,2018/11/28
10001500,认沽,2018/11/28
10001501,认购,2019/6/26
10001502,认购,2019/6/26
10001503,认购,2019/6/26
10001504,认购,2019/6/26
10001505,认购,2019/6/26
10001506,认购,2019/6/26
10001507,认购,2019/6/26
10001508,认购,2019/6/26
10001509,认购,2019/6/26
10001510,认沽,2019/6/26
10001511,认沽,2019/6/26
10001512,认沽,2019/6/26
10001513,认沽,2019/6/26
10001514,认沽,2019/6/26
10001515,认沽,2019/6/26
10001516,认沽,2019/6/26
10001517,认沽,2019/6/26
10001518,认沽,2019/6/26
10001519,认购,2019/6/26
10001520,认沽,2019/6/26
10001521,认购,2019/6/26
10001522,认沽,2019/6/26
10001523,认购,2019/6/26
10001524,认沽,2019/6/26
10001525,认购,2019/1/23
10001526,认购,2019/1/23
10001527,认购,2019/1/23
10001528,认购,2019/1/23
10001529,认购,2019/1/23
10001530,认购,2019/1/23
10001531,认购,2019/1/23
10001532,认购,2019/1/23
10001533,认购,2019/1/23
10001534,认沽,2019/1/23
10001535,认沽,2019/1/23
10001536,认沽,2019/1/23
10001537,认沽,2019/1/23
10001538,认沽,2019/1/23
10001539,认沽,2019/1/23
10001540,认沽,2019/1/23
10001541,认沽,2019/1/23
10001542,认沽,2019/1/23
10001543,认购,2018/12/26
10001544,认购,2018/12/26
10001545,认购,2018/12/26
10001546,认购,2018/12/26
10001547,认购,2018/12/26
10001548,认购,2018/12/26
10001549,认购,2018/12/26
10001550,认购,2018/12/26
10001551,认购,2018/12/26
10001552,认沽,2018/12/26
10001553,认沽,2018/12/26
10001554,认沽,2018/12/26
10001555,认沽,2018/12/26
10001556,认沽,2018/12/26
10001557,认沽,2018/12/26
10001558,认沽,2018/12/26
10001559,认沽,2018/12/26
10001560,认沽,2018/12/26
10001561,认购,2019/1/23
10001562,认购,2019/1/23
10001563,认购,2019/1/23
10001564,认购,2019/1/23
10001565,认购,2019/1/23
10001566,认购,2019/1/23
10001567,认购,2019/1/23
10001568,认购,2019/1/23
10001569,认购,2019/1/23
10001570,认沽,2019/1/23
10001571,认沽,2019/1/23
10001572,认沽,2019/1/23
10001573,认沽,2019/1/23
10001574,认沽,2019/1/23
10001575,认沽,2019/1/23
10001576,认沽,2019/1/23
10001577,认沽,2019/1/23
10001578,认沽,2019/1/23
10001579,认购,2019/3/27
10001580,认购,2019/3/27
10001581,认购,2019/3/27
10001582,认购,2019/3/27
10001583,认购,2019/3/27
10001584,认购,2019/3/27
10001585,认购,2019/3/27
10001586,认购,2019/3/27
10001587,认购,2019/3/27
10001588,认沽,2019/3/27
10001589,认沽,2019/3/27
10001590,认沽,2019/3/27
10001591,认沽,2019/3/27
10001592,认沽,2019/3/27
10001593,认沽,2019/3/27
10001594,认沽,2019/3/27
10001595,认沽,2019/3/27
10001596,认沽,2019/3/27
10001597,认购,2019/6/26
10001598,认购,2019/6/26
10001599,认购,2019/6/26
10001600,认购,2019/6/26
10001601,认购,2019/6/26
10001602,认购,2019/6/26
10001603,认购,2019/6/26
10001604,认购,2019/6/26
10001605,认购,2019/6/26
10001606,认沽,2019/6/26
10001607,认沽,2019/6/26
10001608,认沽,2019/6/26
10001609,认沽,2019/6/26
10001610,认沽,2019/6/26
10001611,认沽,2019/6/26
10001612,认沽,2019/6/26
10001613,认沽,2019/6/26
10001614,认沽,2019/6/26
10001615,认购,2018/12/26
10001616,认沽,2018/12/26
10001617,认购,2019/1/23
10001618,认沽,2019/1/23
10001619,认购,2019/3/27
10001620,认沽,2019/3/27
10001621,认购,2019/6/26
10001622,认沽,2019/6/26
10001623,认购,2018/12/26
10001624,认沽,2018/12/26
10001625,认购,2019/1/23
10001626,认沽,2019/1/23
10001627,认购,2019/3/27
10001628,认沽,2019/3/27
10001629,认购,2019/6/26
10001630,认沽,2019/6/26
10001631,认购,2018/12/26
10001632,认沽,2018/12/26
10001633,认购,2019/1/23
10001634,认沽,2019/1/23
10001635,认购,2019/3/27
10001636,认沽,2019/3/27
10001637,认购,2019/6/26
10001638,认沽,2019/6/26
10001639,认购,2018/12/26
10001640,认沽,2018/12/26
10001641,认购,2019/1/23
10001642,认沽,2019/1/23
10001643,认购,2019/3/27
10001644,认沽,2019/3/27
10001645,认购,2019/6/26
10001646,认沽,2019/6/26
10001647,认购,2019/2/27
10001648,认购,2019/2/27
10001649,认购,2019/2/27
10001650,认购,2019/2/27
10001651,认购,2019/2/27
10001652,认购,2019/2/27
10001653,认购,2019/2/27
10001654,认购,2019/2/27
10001655,认购,2019/2/27
10001656,认沽,2019/2/27
10001657,认沽,2019/2/27
10001658,认沽,2019/2/27
10001659,认沽,2019/2/27
10001660,认沽,2019/2/27
10001661,认沽,2019/2/27
10001662,认沽,2019/2/27
10001663,认沽,2019/2/27
10001664,认沽,2019/2/27
10001665,认购,2019/1/23
10001666,认沽,2019/1/23
10001667,认购,2019/2/27
10001668,认沽,2019/2/27
10001669,认购,2019/3/27
10001670,认沽,2019/3/27
10001671,认购,2019/6/26
10001672,认沽,2019/6/26
10001673,认购,2019/2/27
10001674,认沽,2019/2/27
10001675,认购,2019/2/27
10001676,认沽,2019/2/27
10001677,认购,2019/9/25
10001678,认购,2019/9/25
10001679,认购,2019/9/25
10001680,认购,2019/9/25
10001681,认购,2019/9/25
10001682,认购,2019/9/25
10001683,认购,2019/9/25
10001684,认购,2019/9/25
10001685,认购,2019/9/25
10001686,认沽,2019/9/25
10001687,认沽,2019/9/25
10001688,认沽,2019/9/25
10001689,认沽,2019/9/25
10001690,认沽,2019/9/25
10001691,认沽,2019/9/25
10001692,认沽,2019/9/25
10001693,认沽,2019/9/25
10001694,认沽,2019/9/25
10001695,认购,2019/2/27
10001696,认沽,2019/2/27
10001697,认购,2019/9/25
10001698,认沽,2019/9/25
10001699,认购,2019/2/27
10001700,认沽,2019/2/27
10001701,认购,2019/9/25
10001702,认沽,2019/9/25
10001703,认购,2019/2/27
10001704,认沽,2019/2/27
10001705,认购,2019/3/27
10001706,认沽,2019/3/27
10001707,认购,2019/6/26
10001708,认沽,2019/6/26
10001709,认购,2019/9/25
10001710,认沽,2019/9/25
10001711,认购,2019/2/27
10001712,认沽,2019/2/27
10001713,认购,2019/3/27
10001714,认沽,2019/3/27
10001715,认购,2019/6/26
10001716,认沽,2019/6/26
10001717,认购,2019/9/25
10001718,认沽,2019/9/25
10001719,认购,2019/2/27
10001720,认购,2019/2/27
10001721,认购,2019/2/27
10001722,认购,2019/2/27
10001723,认沽,2019/2/27
10001724,认沽,2019/2/27
10001725,认沽,2019/2/27
10001726,认沽,2019/2/27
10001727,认购,2019/3/27
10001728,认购,2019/3/27
10001729,认购,2019/3/27
10001730,认购,2019/3/27
10001731,认沽,2019/3/27
10001732,认沽,2019/3/27
10001733,认沽,2019/3/27
10001734,认沽,2019/3/27
10001735,认购,2019/6/26
10001736,认购,2019/6/26
10001737,认购,2019/6/26
10001738,认购,2019/6/26
10001739,认沽,2019/6/26
10001740,认沽,2019/6/26
10001741,认沽,2019/6/26
10001742,认沽,2019/6/26
10001743,认购,2019/9/25
10001744,认购,2019/9/25
10001745,认购,2019/9/25
10001746,认购,2019/9/25
10001747,认沽,2019/9/25
10001748,认沽,2019/9/25
10001749,认沽,2019/9/25
10001750,认沽,2019/9/25
10001751,认购,2019/4/24
10001752,认购,2019/4/24
10001753,认购,2019/4/24
10001754,认购,2019/4/24
10001755,认购,2019/4/24
10001756,认购,2019/4/24
10001757,认购,2019/4/24
10001758,认购,2019/4/24
10001759,认购,2019/4/24
10001760,认沽,2019/4/24
10001761,认沽,2019/4/24
10001762,认沽,2019/4/24
10001763,认沽,2019/4/24
10001764,认沽,2019/4/24
10001765,认沽,2019/4/24
10001766,认沽,2019/4/24
10001767,认沽,2019/4/24
10001768,认沽,2019/4/24
10001769,认购,2019/4/24
10001770,认沽,2019/4/24
10001771,认购,2019/4/24
10001772,认沽,2019/4/24
10001773,认购,2019/5/22
10001774,认购,2019/5/22
10001775,认购,2019/5/22
10001776,认购,2019/5/22
10001777,认购,2019/5/22
10001778,认购,2019/5/22
10001779,认购,2019/5/22
10001780,认购,2019/5/22
10001781,认购,2019/5/22
10001782,认沽,2019/5/22
10001783,认沽,2019/5/22
10001784,认沽,2019/5/22
10001785,认沽,2019/5/22
10001786,认沽,2019/5/22
10001787,认沽,2019/5/22
10001788,认沽,2019/5/22
10001789,认沽,2019/5/22
10001790,认沽,2019/5/22
10001791,认购,2019/5/22
10001792,认购,2019/5/22
10001793,认沽,2019/5/22
10001794,认沽,2019/5/22
10001795,认购,2019/4/24
10001796,认沽,2019/4/24
10001797,认购,2019/5/22
10001798,认沽,2019/5/22
10001799,认购,2019/6/26
10001800,认沽,2019/6/26
10001801,认购,2019/9/25
10001802,认沽,2019/9/25
10001803,认购,2019/4/24
10001804,认沽,2019/4/24
10001805,认购,2019/5/22
10001806,认沽,2019/5/22
10001807,认购,2019/6/26
10001808,认沽,2019/6/26
10001809,认购,2019/9/25
10001810,认沽,2019/9/25
10001811,认购,2019/4/24
10001812,认沽,2019/4/24
10001813,认购,2019/5/22
10001814,认沽,2019/5/22
10001815,认购,2019/6/26
10001816,认沽,2019/6/26
10001817,认购,2019/9/25
10001818,认沽,2019/9/25
10001819,认购,2019/4/24
10001820,认沽,2019/4/24
10001821,认购,2019/5/22
10001822,认沽,2019/5/22
10001823,认购,2019/6/26
10001824,认沽,2019/6/26
10001825,认购,2019/9/25
10001826,认沽,2019/9/25
10001827,认购,2019/12/25
10001828,认购,2019/12/25
10001829,认购,2019/12/25
10001830,认购,2019/12/25
10001831,认购,2019/12/25
10001832,认购,2019/12/25
10001833,认购,2019/12/25
10001834,认购,2019/12/25
10001835,认购,2019/12/25
10001836,认沽,2019/12/25
10001837,认沽,2019/12/25
10001838,认沽,2019/12/25
10001839,认沽,2019/12/25
10001840,认沽,2019/12/25
10001841,认沽,2019/12/25
10001842,认沽,2019/12/25
10001843,认沽,2019/12/25
10001844,认沽,2019/12/25
10001845,认购,2019/12/25
10001846,认沽,2019/12/25
10001847,认购,2019/12/25
10001848,认购,2019/12/25
10001849,认沽,2019/12/25
10001850,认沽,2019/12/25
10001851,认购,2019/12/25
10001852,认沽,2019/12/25
10001853,认购,2019/12/25
10001854,认沽,2019/12/25
10001855,认购,2019/7/24
10001856,认购,2019/7/24
10001857,认购,2019/7/24
10001858,认购,2019/7/24
10001859,认购,2019/7/24
10001860,认购,2019/7/24
10001861,认购,2019/7/24
10001862,认购,2019/7/24
10001863,认购,2019/7/24
10001864,认沽,2019/7/24
10001865,认沽,2019/7/24
10001866,认沽,2019/7/24
10001867,认沽,2019/7/24
10001868,认沽,2019/7/24
10001869,认沽,2019/7/24
10001870,认沽,2019/7/24
10001871,认沽,2019/7/24
10001872,认沽,2019/7/24
10001873,认购,2019/7/24
10001874,认沽,2019/7/24
10001875,认购,2019/7/24
10001876,认沽,2019/7/24
10001877,认购,2019/7/24
10001878,认沽,2019/7/24
10001879,认购,2019/7/24
10001880,认购,2019/7/24
10001881,认沽,2019/7/24
10001882,认沽,2019/7/24
10001883,认购,2019/8/28
10001884,认购,2019/8/28
10001885,认购,2019/8/28
10001886,认购,2019/8/28
10001887,认购,2019/8/28
10001888,认购,2019/8/28
10001889,认购,2019/8/28
10001890,认购,2019/8/28
10001891,认购,2019/8/28
10001892,认沽,2019/8/28
10001893,认沽,2019/8/28
10001894,认沽,2019/8/28
10001895,认沽,2019/8/28
10001896,认沽,2019/8/28
10001897,认沽,2019/8/28
10001898,认沽,2019/8/28
10001899,认沽,2019/8/28
10001900,认沽,2019/8/28
10001901,认购,2019/8/28
10001902,认沽,2019/8/28
10001903,认购,2019/7/24
10001904,认沽,2019/7/24
10001905,认购,2019/8/28
10001906,认沽,2019/8/28
10001907,认购,2019/12/25
10001908,认沽,2019/12/25
10001909,认购,2020/3/25
10001910,认购,2020/3/25
10001911,认购,2020/3/25
10001912,认购,2020/3/25
10001913,认购,2020/3/25
10001914,认购,2020/3/25
10001915,认购,2020/3/25
10001916,认购,2020/3/25
10001917,认购,2020/3/25
10001918,认沽,2020/3/25
10001919,认沽,2020/3/25
10001920,认沽,2020/3/25
10001921,认沽,2020/3/25
10001922,认沽,2020/3/25
10001923,认沽,2020/3/25
10001924,认沽,2020/3/25
10001925,认沽,2020/3/25
10001926,认沽,2020/3/25
10001927,认购,2020/3/25
10001928,认沽,2020/3/25
10001929,认购,2020/3/25
10001930,认沽,2020/3/25
10001931,认购,2019/8/28
10001932,认沽,2019/8/28
10001933,认购,2020/3/25
10001934,认沽,2020/3/25
10001935,认购,2019/8/28
10001936,认沽,2019/8/28
10001937,认购,2020/3/25
10001938,认沽,2020/3/25
10001939,认购,2019/10/23
10001940,认购,2019/10/23
10001941,认购,2019/10/23
10001942,认购,2019/10/23
10001943,认购,2019/10/23
10001944,认购,2019/10/23
10001945,认购,2019/10/23
10001946,认购,2019/10/23
10001947,认购,2019/10/23
10001948,认沽,2019/10/23
10001949,认沽,2019/10/23
10001950,认沽,2019/10/23
10001951,认沽,2019/10/23
10001952,认沽,2019/10/23
10001953,认沽,2019/10/23
10001954,认沽,2019/10/23
10001955,认沽,2019/10/23
10001956,认沽,2019/10/23
10001957,认购,2019/10/23
10001958,认沽,2019/10/23
10001959,认购,2019/10/23
10001960,认沽,2019/10/23
10001961,认购,2019/11/27
10001962,认购,2019/11/27
10001963,认购,2019/11/27
10001964,认购,2019/11/27
10001965,认购,2019/11/27
10001966,认购,2019/11/27
10001967,认购,2019/11/27
10001968,认购,2019/11/27
10001969,认购,2019/11/27
10001970,认沽,2019/11/27
10001971,认沽,2019/11/27
10001972,认沽,2019/11/27
10001973,认沽,2019/11/27
10001974,认沽,2019/11/27
10001975,认沽,2019/11/27
10001976,认沽,2019/11/27
10001977,认沽,2019/11/27
10001978,认沽,2019/11/27
10001979,认购,2019/11/27
10001980,认沽,2019/11/27
10001981,认购,2019/10/23
10001982,认沽,2019/10/23
10001983,认购,2019/11/27
10001984,认沽,2019/11/27
10001985,认购,2019/12/25
10001986,认沽,2019/12/25
10001987,认购,2020/3/25
10001988,认沽,2020/3/25
10001989,认购,2020/6/24
10001990,认购,2020/6/24
10001991,认购,2020/6/24
10001992,认购,2020/6/24
10001993,认购,2020/6/24
10001994,认购,2020/6/24
10001995,认购,2020/6/24
10001996,认购,2020/6/24
10001997,认购,2020/6/24
10001998,认沽,2020/6/24
10001999,认沽,2020/6/24
10002000,认沽,2020/6/24
10002001,认沽,2020/6/24
10002002,认沽,2020/6/24
10002003,认沽,2020/6/24
10002004,认沽,2020/6/24
10002005,认沽,2020/6/24
10002006,认沽,2020/6/24
10002007,认购,2020/6/24
10002008,认沽,2020/6/24
10002009,认购,2020/6/24
10002010,认沽,2020/6/24
10002011,认购,2020/1/22
10002012,认购,2020/1/22
10002013,认购,2020/1/22
10002014,认购,2020/1/22
10002015,认购,2020/1/22
10002016,认购,2020/1/22
10002017,认购,2020/1/22
10002018,认购,2020/1/22
10002019,认购,2020/1/22
10002020,认沽,2020/1/22
10002021,认沽,2020/1/22
10002022,认沽,2020/1/22
10002023,认沽,2020/1/22
10002024,认沽,2020/1/22
10002025,认沽,2020/1/22
10002026,认沽,2020/1/22
10002027,认沽,2020/1/22
10002028,认沽,2020/1/22
10002029,认购,2019/12/25
10002030,认购,2019/12/25
10002031,认购,2019/12/25
10002032,认购,2019/12/25
10002033,认购,2019/12/25
10002034,认购,2019/12/25
10002035,认购,2019/12/25
10002036,认购,2019/12/25
10002037,认购,2019/12/25
10002038,认沽,2019/12/25
10002039,认沽,2019/12/25
10002040,认沽,2019/12/25
10002041,认沽,2019/12/25
10002042,认沽,2019/12/25
10002043,认沽,2019/12/25
10002044,认沽,2019/12/25
10002045,认沽,2019/12/25
10002046,认沽,2019/12/25
10002047,认购,2020/1/22
10002048,认购,2020/1/22
10002049,认购,2020/1/22
10002050,认购,2020/1/22
10002051,认购,2020/1/22
10002052,认购,2020/1/22
10002053,认购,2020/1/22
10002054,认购,2020/1/22
10002055,认购,2020/1/22
10002056,认沽,2020/1/22
10002057,认沽,2020/1/22
10002058,认沽,2020/1/22
10002059,认沽,2020/1/22
10002060,认沽,2020/1/22
10002061,认沽,2020/1/22
10002062,认沽,2020/1/22
10002063,认沽,2020/1/22
10002064,认沽,2020/1/22
10002065,认购,2020/3/25
10002066,认购,2020/3/25
10002067,认购,2020/3/25
10002068,认购,2020/3/25
10002069,认购,2020/3/25
10002070,认购,2020/3/25
10002071,认购,2020/3/25
10002072,认购,2020/3/25
10002073,认购,2020/3/25
10002074,认沽,2020/3/25
10002075,认沽,2020/3/25
10002076,认沽,2020/3/25
10002077,认沽,2020/3/25
10002078,认沽,2020/3/25
10002079,认沽,2020/3/25
10002080,认沽,2020/3/25
10002081,认沽,2020/3/25
10002082,认沽,2020/3/25
10002083,认购,2020/6/24
10002084,认购,2020/6/24
10002085,认购,2020/6/24
10002086,认购,2020/6/24
10002087,认购,2020/6/24
10002088,认购,2020/6/24
10002089,认购,2020/6/24
10002090,认购,2020/6/24
10002091,认购,2020/6/24
10002092,认沽,2020/6/24
10002093,认沽,2020/6/24
10002094,认沽,2020/6/24
10002095,认沽,2020/6/24
10002096,认沽,2020/6/24
10002097,认沽,2020/6/24
10002098,认沽,2020/6/24
10002099,认沽,2020/6/24
10002100,认沽,2020/6/24
10002101,认购,2019/12/25
10002102,认沽,2019/12/25
10002103,认购,2020/1/22
10002104,认沽,2020/1/22
10002105,认购,2020/3/25
10002106,认沽,2020/3/25
10002107,认购,2020/6/24
10002108,认沽,2020/6/24
10002109,认购,2019/12/25
10002110,认沽,2019/12/25
10002111,认购,2020/1/22
10002112,认沽,2020/1/22
10002113,认购,2020/3/25
10002114,认沽,2020/3/25
10002115,认购,2020/6/24
10002116,认沽,2020/6/24
10002189,认购,2020/2/26
10002190,认购,2020/2/26
10002191,认购,2020/2/26
10002192,认购,2020/2/26
10002193,认购,2020/2/26
10002194,认购,2020/2/26
10002195,认购,2020/2/26
10002196,认购,2020/2/26
10002197,认购,2020/2/26
10002198,认沽,2020/2/26
10002199,认沽,2020/2/26
10002200,认沽,2020/2/26
10002201,认沽,2020/2/26
10002202,认沽,2020/2/26
10002203,认沽,2020/2/26
10002204,认沽,2020/2/26
10002205,认沽,2020/2/26
10002206,认沽,2020/2/26
10002207,认购,2020/1/22
10002208,认沽,2020/1/22
10002209,认购,2020/2/26
10002210,认沽,2020/2/26
10002211,认购,2020/3/25
10002212,认沽,2020/3/25
10002213,认购,2020/6/24
10002214,认沽,2020/6/24
10002231,认购,2020/9/23
10002232,认购,2020/9/23
10002233,认购,2020/9/23
10002234,认购,2020/9/23
10002235,认购,2020/9/23
10002236,认购,2020/9/23
10002237,认购,2020/9/23
10002238,认购,2020/9/23
10002239,认购,2020/9/23
10002240,认沽,2020/9/23
10002241,认沽,2020/9/23
10002242,认沽,2020/9/23
10002243,认沽,2020/9/23
10002244,认沽,2020/9/23
10002245,认沽,2020/9/23
10002246,认沽,2020/9/23
10002247,认沽,2020/9/23
10002248,认沽,2020/9/23
10002267,认购,2020/2/26
10002268,认沽,2020/2/26
10002269,认购,2020/9/23
10002270,认沽,2020/9/23
10002273,认购,2020/2/26
10002274,认购,2020/2/26
10002275,认购,2020/2/26
10002276,认购,2020/2/26
10002277,认购,2020/2/26
10002278,认沽,2020/2/26
10002279,认沽,2020/2/26
10002280,认沽,2020/2/26
10002281,认沽,2020/2/26
10002282,认沽,2020/2/26
10002283,认购,2020/3/25
10002284,认购,2020/3/25
10002285,认购,2020/3/25
10002286,认购,2020/3/25
10002287,认沽,2020/3/25
10002288,认沽,2020/3/25
10002289,认沽,2020/3/25
10002290,认沽,2020/3/25
10002291,认购,2020/6/24
10002292,认购,2020/6/24
10002293,认购,2020/6/24
10002294,认购,2020/6/24
10002295,认沽,2020/6/24
10002296,认沽,2020/6/24
10002297,认沽,2020/6/24
10002298,认沽,2020/6/24
10002299,认购,2020/9/23
10002300,认购,2020/9/23
10002301,认购,2020/9/23
10002302,认购,2020/9/23
10002303,认购,2020/9/23
10002304,认沽,2020/9/23
10002305,认沽,2020/9/23
10002306,认沽,2020/9/23
10002307,认沽,2020/9/23
10002308,认沽,2020/9/23
10002333,认购,2020/4/22
10002334,认购,2020/4/22
10002335,认购,2020/4/22
10002336,认购,2020/4/22
10002337,认购,2020/4/22
10002338,认购,2020/4/22
10002339,认购,2020/4/22
10002340,认购,2020/4/22
10002341,认购,2020/4/22
10002342,认沽,2020/4/22
10002343,认沽,2020/4/22
10002344,认沽,2020/4/22
10002345,认沽,2020/4/22
10002346,认沽,2020/4/22
10002347,认沽,2020/4/22
10002348,认沽,2020/4/22
10002349,认沽,2020/4/22
10002350,认沽,2020/4/22
10002369,认购,2020/4/22
10002370,认购,2020/4/22
10002371,认沽,2020/4/22
10002372,认沽,2020/4/22
10002377,认购,2020/4/22
10002378,认沽,2020/4/22
10002379,认购,2020/4/22
10002380,认沽,2020/4/22
10002385,认购,2020/4/22
10002386,认购,2020/4/22
10002387,认沽,2020/4/22
10002388,认沽,2020/4/22
10002393,认购,2020/3/25
10002394,认购,2020/3/25
10002395,认沽,2020/3/25
10002396,认沽,2020/3/25
10002397,认购,2020/4/22
10002398,认购,2020/4/22
10002399,认沽,2020/4/22
10002400,认沽,2020/4/22
10002401,认购,2020/6/24
10002402,认购,2020/6/24
10002403,认沽,2020/6/24
10002404,认沽,2020/6/24
10002405,认购,2020/9/23
10002406,认购,2020/9/23
10002407,认沽,2020/9/23
10002408,认沽,2020/9/23
10002417,认购,2020/3/25
10002418,认沽,2020/3/25
10002419,认购,2020/4/22
10002420,认沽,2020/4/22
10002421,认购,2020/6/24
10002422,认沽,2020/6/24
10002423,认购,2020/9/23
10002424,认沽,2020/9/23
10002433,认购,2020/5/27
10002434,认购,2020/5/27
10002435,认购,2020/5/27
10002436,认购,2020/5/27
10002437,认购,2020/5/27
10002438,认购,2020/5/27
10002439,认购,2020/5/27
10002440,认购,2020/5/27
10002441,认购,2020/5/27
10002442,认沽,2020/5/27
10002443,认沽,2020/5/27
10002444,认沽,2020/5/27
10002445,认沽,2020/5/27
10002446,认沽,2020/5/27
10002447,认沽,2020/5/27
10002448,认沽,2020/5/27
10002449,认沽,2020/5/27
10002450,认沽,2020/5/27
10002469,认购,2020/5/27
10002470,认沽,2020/5/27
10002471,认购,2020/5/27
10002472,认沽,2020/5/27
10002475,认购,2020/5/27
10002476,认沽,2020/5/27
10002477,认购,2020/12/23
10002478,认购,2020/12/23
10002479,认购,2020/12/23
10002480,认购,2020/12/23
10002481,认购,2020/12/23
10002482,认购,2020/12/23
10002483,认购,2020/12/23
10002484,认购,2020/12/23
10002485,认购,2020/12/23
10002486,认沽,2020/12/23
10002487,认沽,2020/12/23
10002488,认沽,2020/12/23
10002489,认沽,2020/12/23
10002490,认沽,2020/12/23
10002491,认沽,2020/12/23
10002492,认沽,2020/12/23
10002493,认沽,2020/12/23
10002494,认沽,2020/12/23
10002513,认购,2020/12/23
10002514,认沽,2020/12/23
10002515,认购,2020/5/27
10002516,认沽,2020/5/27
10002517,认购,2020/12/23
10002518,认沽,2020/12/23
10002527,认购,2020/7/22
10002528,认购,2020/7/22
10002529,认购,2020/7/22
10002530,认购,2020/7/22
10002531,认购,2020/7/22
10002532,认购,2020/7/22
10002533,认购,2020/7/22
10002534,认购,2020/7/22
10002535,认购,2020/7/22
10002536,认沽,2020/7/22
10002537,认沽,2020/7/22
10002538,认沽,2020/7/22
10002539,认沽,2020/7/22
10002540,认沽,2020/7/22
10002541,认沽,2020/7/22
10002542,认沽,2020/7/22
10002543,认沽,2020/7/22
10002544,认沽,2020/7/22
10002565,认购,2020/7/22
10002566,认沽,2020/7/22
10002569,认购,2020/7/22
10002570,认沽,2020/7/22
10002571,认购,2020/12/23
10002572,认沽,2020/12/23
10002577,认购,2020/7/22
10002578,认沽,2020/7/22
10002579,认购,2020/12/23
10002580,认沽,2020/12/23
10002585,认购,2020/8/26
10002586,认购,2020/8/26
10002587,认购,2020/8/26
10002588,认购,2020/8/26
10002589,认购,2020/8/26
10002590,认购,2020/8/26
10002591,认购,2020/8/26
10002592,认购,2020/8/26
10002593,认购,2020/8/26
10002594,认沽,2020/8/26
10002595,认沽,2020/8/26
10002596,认沽,2020/8/26
10002597,认沽,2020/8/26
10002598,认沽,2020/8/26
10002599,认沽,2020/8/26
10002600,认沽,2020/8/26
10002601,认沽,2020/8/26
10002602,认沽,2020/8/26
10002623,认购,2020/7/22
10002624,认沽,2020/7/22
10002625,认购,2020/8/26
10002626,认沽,2020/8/26
10002627,认购,2020/12/23
10002628,认沽,2020/12/23
10002637,认购,2020/7/22
10002638,认沽,2020/7/22
10002639,认购,2020/8/26
10002640,认沽,2020/8/26
10002641,认购,2020/9/23
10002642,认沽,2020/9/23
10002643,认购,2020/12/23
10002644,认沽,2020/12/23
10002653,认购,2020/7/22
10002654,认沽,2020/7/22
10002655,认购,2020/8/26
10002656,认沽,2020/8/26
10002657,认购,2020/9/23
10002658,认沽,2020/9/23
10002659,认购,2020/12/23
10002660,认沽,2020/12/23
10002669,认购,2020/7/22
10002670,认购,2020/7/22
10002671,认购,2020/7/22
10002672,认沽,2020/7/22
10002673,认沽,2020/7/22
10002674,认沽,2020/7/22
10002675,认购,2020/8/26
10002676,认购,2020/8/26
10002677,认购,2020/8/26
10002678,认沽,2020/8/26
10002679,认沽,2020/8/26
10002680,认沽,2020/8/26
10002681,认购,2020/9/23
10002682,认购,2020/9/23
10002683,认购,2020/9/23
10002684,认沽,2020/9/23
10002685,认沽,2020/9/23
10002686,认沽,2020/9/23
10002687,认购,2020/12/23
10002688,认购,2020/12/23
10002689,认购,2020/12/23
10002690,认沽,2020/12/23
10002691,认沽,2020/12/23
10002692,认沽,2020/12/23
10002725,认购,2021/3/24
10002726,认购,2021/3/24
10002727,认购,2021/3/24
10002728,认购,2021/3/24
10002729,认购,2021/3/24
10002730,认购,2021/3/24
10002731,认购,2021/3/24
10002732,认购,2021/3/24
10002733,认购,2021/3/24
10002734,认沽,2021/3/24
10002735,认沽,2021/3/24
10002736,认沽,2021/3/24
10002737,认沽,2021/3/24
10002738,认沽,2021/3/24
10002739,认沽,2021/3/24
10002740,认沽,2021/3/24
10002741,认沽,2021/3/24
10002742,认沽,2021/3/24
10002761,认购,2021/3/24
10002762,认沽,2021/3/24
10002767,认购,2021/3/24
10002768,认沽,2021/3/24
10002771,认购,2020/10/28
10002772,认购,2020/10/28
10002773,认购,2020/10/28
10002774,认购,2020/10/28
10002775,认购,2020/10/28
10002776,认购,2020/10/28
10002777,认购,2020/10/28
10002778,认购,2020/10/28
10002779,认购,2020/10/28
10002780,认沽,2020/10/28
10002781,认沽,2020/10/28
10002782,认沽,2020/10/28
10002783,认沽,2020/10/28
10002784,认沽,2020/10/28
10002785,认沽,2020/10/28
10002786,认沽,2020/10/28
10002787,认沽,2020/10/28
10002788,认沽,2020/10/28
10002807,认购,2020/10/28
10002808,认沽,2020/10/28
10002815,认购,2020/11/25
10002816,认购,2020/11/25
10002817,认购,2020/11/25
10002818,认购,2020/11/25
10002819,认购,2020/11/25
10002820,认购,2020/11/25
10002821,认购,2020/11/25
10002822,认购,2020/11/25
10002823,认购,2020/11/25
10002824,认沽,2020/11/25
10002825,认沽,2020/11/25
10002826,认沽,2020/11/25
10002827,认沽,2020/11/25
10002828,认沽,2020/11/25
10002829,认沽,2020/11/25
10002830,认沽,2020/11/25
10002831,认沽,2020/11/25
10002832,认沽,2020/11/25
10002853,认购,2020/11/25
10002854,认沽,2020/11/25
10002859,认购,2021/6/23
10002860,认购,2021/6/23
10002861,认购,2021/6/23
10002862,认购,2021/6/23
10002863,认购,2021/6/23
10002864,认购,2021/6/23
10002865,认购,2021/6/23
10002866,认购,2021/6/23
10002867,认购,2021/6/23
10002868,认沽,2021/6/23
10002869,认沽,2021/6/23
10002870,认沽,2021/6/23
10002871,认沽,2021/6/23
10002872,认沽,2021/6/23
10002873,认沽,2021/6/23
10002874,认沽,2021/6/23
10002875,认沽,2021/6/23
10002876,认沽,2021/6/23
10002895,认购,2021/6/23
10002896,认沽,2021/6/23
10002907,认购,2020/11/25
10002908,认沽,2020/11/25
10002909,认购,2021/3/24
10002910,认沽,2021/3/24
10002911,认购,2021/6/23
10002912,认沽,2021/6/23
10002913,认购,2021/1/27
10002914,认购,2021/1/27
10002915,认购,2021/1/27
10002916,认购,2021/1/27
10002917,认购,2021/1/27
10002918,认购,2021/1/27
10002919,认购,2021/1/27
10002920,认购,2021/1/27
10002921,认购,2021/1/27
10002922,认沽,2021/1/27
10002923,认沽,2021/1/27
10002924,认沽,2021/1/27
10002925,认沽,2021/1/27
10002926,认沽,2021/1/27
10002927,认沽,2021/1/27
10002928,认沽,2021/1/27
10002929,认沽,2021/1/27
10002930,认沽,2021/1/27
10002949,认购,2020/12/23
10002950,认购,2020/12/23
10002951,认购,2020/12/23
10002952,认购,2020/12/23
10002953,认购,2020/12/23
10002954,认购,2020/12/23
10002955,认购,2020/12/23
10002956,认购,2020/12/23
10002957,认购,2020/12/23
10002958,认沽,2020/12/23
10002959,认沽,2020/12/23
10002960,认沽,2020/12/23
10002961,认沽,2020/12/23
10002962,认沽,2020/12/23
10002963,认沽,2020/12/23
10002964,认沽,2020/12/23
10002965,认沽,2020/12/23
10002966,认沽,2020/12/23
10002967,认购,2021/1/27
10002968,认购,2021/1/27
10002969,认购,2021/1/27
10002970,认购,2021/1/27
10002971,认购,2021/1/27
10002972,认购,2021/1/27
10002973,认购,2021/1/27
10002974,认购,2021/1/27
10002975,认购,2021/1/27
10002976,认沽,2021/1/27
10002977,认沽,2021/1/27
10002978,认沽,2021/1/27
10002979,认沽,2021/1/27
10002980,认沽,2021/1/27
10002981,认沽,2021/1/27
10002982,认沽,2021/1/27
10002983,认沽,2021/1/27
10002984,认沽,2021/1/27
10002985,认购,2021/3/24
10002986,认购,2021/3/24
10002987,认购,2021/3/24
10002988,认购,2021/3/24
10002989,认购,2021/3/24
10002990,认购,2021/3/24
10002991,认购,2021/3/24
10002992,认购,2021/3/24
10002993,认购,2021/3/24
10002994,认沽,2021/3/24
10002995,认沽,2021/3/24
10002996,认沽,2021/3/24
10002997,认沽,2021/3/24
10002998,认沽,2021/3/24
10002999,认沽,2021/3/24
10003000,认沽,2021/3/24
10003001,认沽,2021/3/24
10003002,认沽,2021/3/24
10003003,认购,2021/6/23
10003004,认购,2021/6/23
10003005,认购,2021/6/23
10003006,认购,2021/6/23
10003007,认购,2021/6/23
10003008,认购,2021/6/23
10003009,认购,2021/6/23
10003010,认购,2021/6/23
10003011,认购,2021/6/23
10003012,认沽,2021/6/23
10003013,认沽,2021/6/23
10003014,认沽,2021/6/23
10003015,认沽,2021/6/23
10003016,认沽,2021/6/23
10003017,认沽,2021/6/23
10003018,认沽,2021/6/23
10003019,认沽,2021/6/23
10003020,认沽,2021/6/23
10003021,认购,2020/12/23
10003022,认沽,2020/12/23
10003023,认购,2021/1/27
10003024,认沽,2021/1/27
10003025,认购,2021/3/24
10003026,认沽,2021/3/24
10003027,认购,2021/6/23
10003028,认沽,2021/6/23
10003037,认购,2020/12/23
10003038,认沽,2020/12/23
10003039,认购,2021/1/27
10003040,认沽,2021/1/27
10003041,认购,2021/3/24
10003042,认沽,2021/3/24
10003043,认购,2021/6/23
10003044,认沽,2021/6/23
10003045,认购,2021/2/24
10003046,认购,2021/2/24
10003047,认购,2021/2/24
10003048,认购,2021/2/24
10003049,认购,2021/2/24
10003050,认购,2021/2/24
10003051,认购,2021/2/24
10003052,认购,2021/2/24
10003053,认购,2021/2/24
10003054,认沽,2021/2/24
10003055,认沽,2021/2/24
10003056,认沽,2021/2/24
10003057,认沽,2021/2/24
10003058,认沽,2021/2/24
10003059,认沽,2021/2/24
10003060,认沽,2021/2/24
10003061,认沽,2021/2/24
10003062,认沽,2021/2/24
10003083,认购,2021/2/24
10003084,认沽,2021/2/24
10003085,认购,2021/1/27
10003086,认沽,2021/1/27
10003087,认购,2021/2/24
10003088,认沽,2021/2/24
10003089,认购,2021/3/24
10003090,认沽,2021/3/24
10003091,认购,2021/6/23
10003092,认沽,2021/6/23
10003101,认购,2021/1/27
10003102,认沽,2021/1/27
10003103,认购,2021/2/24
10003104,认沽,2021/2/24
10003105,认购,2021/3/24
10003106,认沽,2021/3/24
10003107,认购,2021/6/23
10003108,认沽,2021/6/23
10003109,认购,2021/1/27
10003110,认沽,2021/1/27
10003111,认购,2021/2/24
10003112,认沽,2021/2/24
10003113,认购,2021/3/24
10003114,认沽,2021/3/24
10003115,认购,2021/6/23
10003116,认沽,2021/6/23
10003205,认购,2021/9/22
10003206,认购,2021/9/22
10003207,认购,2021/9/22
10003208,认购,2021/9/22
10003209,认购,2021/9/22
10003210,认购,2021/9/22
10003211,认购,2021/9/22
10003212,认购,2021/9/22
10003213,认购,2021/9/22
10003214,认沽,2021/9/22
10003215,认沽,2021/9/22
10003216,认沽,2021/9/22
10003217,认沽,2021/9/22
10003218,认沽,2021/9/22
10003219,认沽,2021/9/22
10003220,认沽,2021/9/22
10003221,认沽,2021/9/22
10003222,认沽,2021/9/22
10003241,认购,2021/9/22
10003242,认沽,2021/9/22
10003251,认购,2021/9/22
10003252,认沽,2021/9/22
10003255,认购,2021/2/24
10003256,认沽,2021/2/24
10003257,认购,2021/3/24
10003258,认沽,2021/3/24
10003259,认购,2021/6/23
10003260,认沽,2021/6/23
10003261,认购,2021/9/22
10003262,认沽,2021/9/22
10003263,认购,2021/4/28
10003264,认购,2021/4/28
10003265,认购,2021/4/28
10003266,认购,2021/4/28
10003267,认购,2021/4/28
10003268,认购,2021/4/28
10003269,认购,2021/4/28
10003270,认购,2021/4/28
10003271,认购,2021/4/28
10003272,认沽,2021/4/28
10003273,认沽,2021/4/28
10003274,认沽,2021/4/28
10003275,认沽,2021/4/28
10003276,认沽,2021/4/28
10003277,认沽,2021/4/28
10003278,认沽,2021/4/28
10003279,认沽,2021/4/28
10003280,认沽,2021/4/28
10003299,认购,2021/4/28
10003300,认沽,2021/4/28
10003303,认购,2021/4/28
10003304,认沽,2021/4/28
10003305,认购,2021/9/22
10003306,认沽,2021/9/22
10003315,认购,2021/4/28
10003316,认沽,2021/4/28
10003317,认购,2021/9/22
10003318,认沽,2021/9/22
10003325,认购,2021/5/26
10003326,认购,2021/5/26
10003327,认购,2021/5/26
10003328,认购,2021/5/26
10003329,认购,2021/5/26
10003330,认购,2021/5/26
10003331,认购,2021/5/26
10003332,认购,2021/5/26
10003333,认购,2021/5/26
10003334,认沽,2021/5/26
10003335,认沽,2021/5/26
10003336,认沽,2021/5/26
10003337,认沽,2021/5/26
10003338,认沽,2021/5/26
10003339,认沽,2021/5/26
10003340,认沽,2021/5/26
10003341,认沽,2021/5/26
10003342,认沽,2021/5/26
10003363,认购,2021/5/26
10003364,认沽,2021/5/26
10003367,认购,2021/4/28
10003368,认沽,2021/4/28
10003369,认购,2021/5/26
10003370,认沽,2021/5/26
10003371,认购,2021/9/22
10003372,认沽,2021/9/22
10003373,认购,2021/12/22
10003374,认购,2021/12/22
10003375,认购,2021/12/22
10003376,认购,2021/12/22
10003377,认购,2021/12/22
10003378,认购,2021/12/22
10003379,认购,2021/12/22
10003380,认购,2021/12/22
10003381,认购,2021/12/22
10003382,认沽,2021/12/22
10003383,认沽,2021/12/22
10003384,认沽,2021/12/22
10003385,认沽,2021/12/22
10003386,认沽,2021/12/22
10003387,认沽,2021/12/22
10003388,认沽,2021/12/22
10003389,认沽,2021/12/22
10003390,认沽,2021/12/22
10003409,认购,2021/12/22
10003410,认沽,2021/12/22
10003413,认购,2021/12/22
10003414,认沽,2021/12/22
10003415,认购,2021/7/28
10003416,认购,2021/7/28
10003417,认购,2021/7/28
10003418,认购,2021/7/28
10003419,认购,2021/7/28
10003420,认购,2021/7/28
10003421,认购,2021/7/28
10003422,认购,2021/7/28
10003423,认购,2021/7/28
10003424,认沽,2021/7/28
10003425,认沽,2021/7/28
10003426,认沽,2021/7/28
10003427,认沽,2021/7/28
10003428,认沽,2021/7/28
10003429,认沽,2021/7/28
10003430,认沽,2021/7/28
10003431,认沽,2021/7/28
10003432,认沽,2021/7/28
10003451,认购,2021/7/28
10003452,认沽,2021/7/28
10003453,认购,2021/12/22
10003454,认沽,2021/12/22
10003455,认购,2021/7/28
10003456,认沽,2021/7/28
10003459,认购,2021/7/28
10003460,认沽,2021/7/28
10003461,认购,2021/8/25
10003462,认购,2021/8/25
10003463,认购,2021/8/25
10003464,认购,2021/8/25
10003465,认购,2021/8/25
10003466,认购,2021/8/25
10003467,认购,2021/8/25
10003468,认购,2021/8/25
10003469,认购,2021/8/25
10003470,认沽,2021/8/25
10003471,认沽,2021/8/25
10003472,认沽,2021/8/25
10003473,认沽,2021/8/25
10003474,认沽,2021/8/25
10003475,认沽,2021/8/25
10003476,认沽,2021/8/25
10003477,认沽,2021/8/25
10003478,认沽,2021/8/25
10003497,认购,2021/8/25
10003498,认沽,2021/8/25
10003501,认购,2021/7/28
10003502,认沽,2021/7/28
10003503,认购,2021/8/25
10003504,认沽,2021/8/25
10003505,认购,2021/9/22
10003506,认沽,2021/9/22
10003507,认购,2021/12/22
10003508,认沽,2021/12/22
10003509,认购,2021/7/28
10003510,认沽,2021/7/28
10003511,认购,2021/8/25
10003512,认沽,2021/8/25
10003513,认购,2021/9/22
10003514,认沽,2021/9/22
10003515,认购,2021/12/22
10003516,认沽,2021/12/22
10003531,认购,2022/3/23
10003532,认购,2022/3/23
10003533,认购,2022/3/23
10003534,认购,2022/3/23
10003535,认购,2022/3/23
10003536,认购,2022/3/23
10003537,认购,2022/3/23
10003538,认购,2022/3/23
10003539,认购,2022/3/23
10003540,认沽,2022/3/23
10003541,认沽,2022/3/23
10003542,认沽,2022/3/23
10003543,认沽,2022/3/23
10003544,认沽,2022/3/23
10003545,认沽,2022/3/23
10003546,认沽,2022/3/23
10003547,认沽,2022/3/23
10003548,认沽,2022/3/23
10003571,认购,2022/3/23
10003572,认沽,2022/3/23
10003573,认购,2021/8/25
10003574,认沽,2021/8/25
10003575,认购,2021/9/22
10003576,认沽,2021/9/22
10003577,认购,2021/12/22
10003578,认沽,2021/12/22
10003579,认购,2022/3/23
10003580,认沽,2022/3/23
10003581,认购,2021/10/27
10003582,认购,2021/10/27
10003583,认购,2021/10/27
10003584,认购,2021/10/27
10003585,认购,2021/10/27
10003586,认购,2021/10/27
10003587,认购,2021/10/27
10003588,认购,2021/10/27
10003589,认购,2021/10/27
10003590,认沽,2021/10/27
10003591,认沽,2021/10/27
10003592,认沽,2021/10/27
10003593,认沽,2021/10/27
10003594,认沽,2021/10/27
10003595,认沽,2021/10/27
10003596,认沽,2021/10/27
10003597,认沽,2021/10/27
10003598,认沽,2021/10/27
10003617,认购,2021/10/27
10003618,认沽,2021/10/27
10003621,认购,2021/10/27
10003622,认沽,2021/10/27
10003623,认购,2021/11/24
10003624,认购,2021/11/24
10003625,认购,2021/11/24
10003626,认购,2021/11/24
10003627,认购,2021/11/24
10003628,认购,2021/11/24
10003629,认购,2021/11/24
10003630,认购,2021/11/24
10003631,认购,2021/11/24
10003632,认沽,2021/11/24
10003633,认沽,2021/11/24
10003634,认沽,2021/11/24
10003635,认沽,2021/11/24
10003636,认沽,2021/11/24
10003637,认沽,2021/11/24
10003638,认沽,2021/11/24
10003639,认沽,2021/11/24
10003640,认沽,2021/11/24
10003661,认购,2021/11/24
10003662,认沽,2021/11/24
10003663,认购,2021/10/27
10003664,认沽,2021/10/27
10003665,认购,2021/11/24
10003666,认沽,2021/11/24
10003667,认购,2022/3/23
10003668,认沽,2022/3/23
10003669,认购,2022/6/22
10003670,认购,2022/6/22
10003671,认购,2022/6/22
10003672,认购,2022/6/22
10003673,认购,2022/6/22
10003674,认购,2022/6/22
10003675,认购,2022/6/22
10003676,认购,2022/6/22
10003677,认购,2022/6/22
10003678,认沽,2022/6/22
10003679,认沽,2022/6/22
10003680,认沽,2022/6/22
10003681,认沽,2022/6/22
10003682,认沽,2022/6/22
10003683,认沽,2022/6/22
10003684,认沽,2022/6/22
10003685,认沽,2022/6/22
10003686,认沽,2022/6/22
10003707,认购,2022/6/22
10003708,认沽,2022/6/22
10003709,认购,2022/1/26
10003710,认购,2022/1/26
10003711,认购,2022/1/26
10003712,认购,2022/1/26
10003713,认购,2022/1/26
10003714,认购,2022/1/26
10003715,认购,2022/1/26
10003716,认购,2022/1/26
10003717,认购,2022/1/26
10003718,认沽,2022/1/26
10003719,认沽,2022/1/26
10003720,认沽,2022/1/26
10003721,认沽,2022/1/26
10003722,认沽,2022/1/26
10003723,认沽,2022/1/26
10003724,认沽,2022/1/26
10003725,认沽,2022/1/26
10003726,认沽,2022/1/26
10003747,认购,2021/12/22
10003748,认购,2021/12/22
10003749,认购,2021/12/22
10003750,认购,2021/12/22
10003751,认购,2021/12/22
10003752,认购,2021/12/22
10003753,认购,2021/12/22
10003754,认购,2021/12/22
10003755,认购,2021/12/22
10003756,认沽,2021/12/22
10003757,认沽,2021/12/22
10003758,认沽,2021/12/22
10003759,认沽,2021/12/22
10003760,认沽,2021/12/22
10003761,认沽,2021/12/22
10003762,认沽,2021/12/22
10003763,认沽,2021/12/22
10003764,认沽,2021/12/22
10003765,认购,2022/1/26
10003766,认购,2022/1/26
10003767,认购,2022/1/26
10003768,认购,2022/1/26
10003769,认购,2022/1/26
10003770,认购,2022/1/26
10003771,认购,2022/1/26
10003772,认购,2022/1/26
10003773,认购,2022/1/26
10003774,认沽,2022/1/26
10003775,认沽,2022/1/26
10003776,认沽,2022/1/26
10003777,认沽,2022/1/26
10003778,认沽,2022/1/26
10003779,认沽,2022/1/26
10003780,认沽,2022/1/26
10003781,认沽,2022/1/26
10003782,认沽,2022/1/26
10003783,认购,2022/3/23
10003784,认购,2022/3/23
10003785,认购,2022/3/23
10003786,认购,2022/3/23
10003787,认购,2022/3/23
10003788,认购,2022/3/23
10003789,认购,2022/3/23
10003790,认购,2022/3/23
10003791,认购,2022/3/23
10003792,认沽,2022/3/23
10003793,认沽,2022/3/23
10003794,认沽,2022/3/23
10003795,认沽,2022/3/23
10003796,认沽,2022/3/23
10003797,认沽,2022/3/23
10003798,认沽,2022/3/23
10003799,认沽,2022/3/23
10003800,认沽,2022/3/23
10003801,认购,2022/6/22
10003802,认购,2022/6/22
10003803,认购,2022/6/22
10003804,认购,2022/6/22
10003805,认购,2022/6/22
10003806,认购,2022/6/22
10003807,认购,2022/6/22
10003808,认购,2022/6/22
10003809,认购,2022/6/22
10003810,认沽,2022/6/22
10003811,认沽,2022/6/22
10003812,认沽,2022/6/22
10003813,认沽,2022/6/22
10003814,认沽,2022/6/22
10003815,认沽,2022/6/22
10003816,认沽,2022/6/22
10003817,认沽,2022/6/22
10003818,认沽,2022/6/22
10003819,认购,2021/12/22
10003820,认沽,2021/12/22
10003821,认购,2022/1/26
10003822,认沽,2022/1/26
10003823,认购,2022/3/23
10003824,认沽,2022/3/23
10003825,认购,2022/6/22
10003826,认沽,2022/6/22
10003827,认购,2021/12/22
10003828,认沽,2021/12/22
10003829,认购,2022/1/26
10003830,认沽,2022/1/26
10003831,认购,2022/3/23
10003832,认沽,2022/3/23
10003833,认购,2022/6/22
10003834,认沽,2022/6/22
10003841,认购,2022/2/23
10003842,认购,2022/2/23
10003843,认购,2022/2/23
10003844,认购,2022/2/23
10003845,认购,2022/2/23
10003846,认购,2022/2/23
10003847,认购,2022/2/23
10003848,认购,2022/2/23
10003849,认购,2022/2/23
10003850,认沽,2022/2/23
10003851,认沽,2022/2/23
10003852,认沽,2022/2/23
10003853,认沽,2022/2/23
10003854,认沽,2022/2/23
10003855,认沽,2022/2/23
10003856,认沽,2022/2/23
10003857,认沽,2022/2/23
10003858,认沽,2022/2/23
10003877,认购,2022/2/23
10003878,认沽,2022/2/23
10003887,认购,2022/1/26
10003888,认沽,2022/1/26
10003889,认购,2022/2/23
10003890,认沽,2022/2/23
10003891,认购,2022/3/23
10003892,认沽,2022/3/23
10003893,认购,2022/6/22
10003894,认沽,2022/6/22
10003975,认购,2022/9/28
10003976,认购,2022/9/28
10003977,认购,2022/9/28
10003978,认购,2022/9/28
10003979,认购,2022/9/28
10003980,认购,2022/9/28
10003981,认购,2022/9/28
10003982,认购,2022/9/28
10003983,认购,2022/9/28
10003984,认沽,2022/9/28
10003985,认沽,2022/9/28
10003986,认沽,2022/9/28
10003987,认沽,2022/9/28
10003988,认沽,2022/9/28
10003989,认沽,2022/9/28
10003990,认沽,2022/9/28
10003991,认沽,2022/9/28
10003992,认沽,2022/9/28
10004019,认购,2022/2/23
10004020,认沽,2022/2/23
10004021,认购,2022/3/23
10004022,认沽,2022/3/23
10004023,认购,2022/6/22
10004024,认沽,2022/6/22
10004025,认购,2022/9/28
10004026,认沽,2022/9/28
10004035,认购,2022/4/27
10004036,认购,2022/4/27
10004037,认购,2022/4/27
10004038,认购,2022/4/27
10004039,认购,2022/4/27
10004040,认购,2022/4/27
10004041,认购,2022/4/27
10004042,认购,2022/4/27
10004043,认购,2022/4/27
10004044,认沽,2022/4/27
10004045,认沽,2022/4/27
10004046,认沽,2022/4/27
10004047,认沽,2022/4/27
10004048,认沽,2022/4/27
10004049,认沽,2022/4/27
10004050,认沽,2022/4/27
10004051,认沽,2022/4/27
10004052,认沽,2022/4/27
10004071,认购,2022/4/27
10004072,认沽,2022/4/27
10004075,认购,2022/3/23
10004076,认沽,2022/3/23
10004077,认购,2022/4/27
10004078,认沽,2022/4/27
10004079,认购,2022/6/22
10004080,认沽,2022/6/22
10004081,认购,2022/9/28
10004082,认沽,2022/9/28
10004099,认购,2022/3/23
10004100,认沽,2022/3/23
10004101,认购,2022/4/27
10004102,认沽,2022/4/27
10004103,认购,2022/6/22
10004104,认沽,2022/6/22
10004105,认购,2022/9/28
10004106,认沽,2022/9/28
10004115,认购,2022/3/23
10004116,认沽,2022/3/23
10004117,认购,2022/4/27
10004118,认沽,2022/4/27
10004119,认购,2022/6/22
10004120,认沽,2022/6/22
10004121,认购,2022/9/28
10004122,认沽,2022/9/28
10004123,认购,2022/3/23
10004124,认购,2022/3/23
10004125,认购,2022/3/23
10004126,认沽,2022/3/23
10004127,认沽,2022/3/23
10004128,认沽,2022/3/23
10004129,认购,2022/4/27
10004130,认购,2022/4/27
10004131,认购,2022/4/27
10004132,认沽,2022/4/27
10004133,认沽,2022/4/27
10004134,认沽,2022/4/27
10004135,认购,2022/6/22
10004136,认购,2022/6/22
10004137,认购,2022/6/22
10004138,认沽,2022/6/22
10004139,认沽,2022/6/22
10004140,认沽,2022/6/22
10004141,认购,2022/9/28
10004142,认购,2022/9/28
10004143,认购,2022/9/28
10004144,认沽,2022/9/28
10004145,认沽,2022/9/28
10004146,认沽,2022/9/28
10004163,认购,2022/5/25
10004164,认购,2022/5/25
10004165,认购,2022/5/25
10004166,认购,2022/5/25
10004167,认购,2022/5/25
10004168,认购,2022/5/25
10004169,认购,2022/5/25
10004170,认购,2022/5/25
10004171,认购,2022/5/25
10004172,认沽,2022/5/25
10004173,认沽,2022/5/25
10004174,认沽,2022/5/25
10004175,认沽,2022/5/25
10004176,认沽,2022/5/25
10004177,认沽,2022/5/25
10004178,认沽,2022/5/25
10004179,认沽,2022/5/25
10004180,认沽,2022/5/25
10004201,认购,2022/5/25
10004202,认沽,2022/5/25
10004205,认购,2022/5/25
10004206,认沽,2022/5/25
10004209,认购,2022/4/27
10004210,认沽,2022/4/27
10004211,认购,2022/5/25
10004212,认购,2022/5/25
10004213,认购,2022/5/25
10004214,认沽,2022/5/25
10004215,认沽,2022/5/25
10004216,认沽,2022/5/25
10004217,认购,2022/6/22
10004218,认沽,2022/6/22
10004219,认购,2022/9/28
10004220,认沽,2022/9/28
10004237,认购,2022/12/28
10004238,认购,2022/12/28
10004239,认购,2022/12/28
10004240,认购,2022/12/28
10004241,认购,2022/12/28
10004242,认购,2022/12/28
10004243,认购,2022/12/28
10004244,认购,2022/12/28
10004245,认购,2022/12/28
10004246,认沽,2022/12/28
10004247,认沽,2022/12/28
10004248,认沽,2022/12/28
10004249,认沽,2022/12/28
10004250,认沽,2022/12/28
10004251,认沽,2022/12/28
10004252,认沽,2022/12/28
10004253,认沽,2022/12/28
10004254,认沽,2022/12/28
10004273,认购,2022/12/28
10004274,认沽,2022/12/28
10004275,认购,2022/12/28
10004276,认沽,2022/12/28
10004281,认购,2022/7/27
10004282,认购,2022/7/27
10004283,认购,2022/7/27
10004284,认购,2022/7/27
10004285,认购,2022/7/27
10004286,认购,2022/7/27
10004287,认购,2022/7/27
10004288,认购,2022/7/27
10004289,认购,2022/7/27
10004290,认沽,2022/7/27
10004291,认沽,2022/7/27
10004292,认沽,2022/7/27
10004293,认沽,2022/7/27
10004294,认沽,2022/7/27
10004295,认沽,2022/7/27
10004296,认沽,2022/7/27
10004297,认沽,2022/7/27
10004298,认沽,2022/7/27
10004317,认购,2022/7/27
10004318,认沽,2022/7/27
10004325,认购,2022/7/27
10004326,认沽,2022/7/27
10004327,认购,2022/12/28
10004328,认沽,2022/12/28
10004329,认购,2022/7/27
10004330,认沽,2022/7/27
10004331,认购,2022/12/28
10004332,认沽,2022/12/28
10004337,认购,2022/7/27
10004338,认沽,2022/7/27
10004339,认购,2022/12/28
10004340,认沽,2022/12/28
10004341,认购,2022/8/24
10004342,认购,2022/8/24
10004343,认购,2022/8/24
10004344,认购,2022/8/24
10004345,认购,2022/8/24
10004346,认购,2022/8/24
10004347,认购,2022/8/24
10004348,认购,2022/8/24
10004349,认购,2022/8/24
10004350,认沽,2022/8/24
10004351,认沽,2022/8/24
10004352,认沽,2022/8/24
10004353,认沽,2022/8/24
10004354,认沽,2022/8/24
10004355,认沽,2022/8/24
10004356,认沽,2022/8/24
10004357,认沽,2022/8/24
10004358,认沽,2022/8/24
10004377,认购,2022/8/24
10004378,认沽,2022/8/24
10004385,认购,2022/7/27
10004386,认沽,2022/7/27
10004387,认购,2022/8/24
10004388,认沽,2022/8/24
10004389,认购,2022/12/28
10004390,认沽,2022/12/28
10004397,认购,2022/7/27
10004398,认沽,2022/7/27
10004399,认购,2022/8/24
10004400,认沽,2022/8/24
10004401,认购,2022/12/28
10004402,认沽,2022/12/28
10004403,认购,2022/8/24
10004404,认沽,2022/8/24
10004405,认购,2023/3/22
10004406,认购,2023/3/22
10004407,认购,2023/3/22
10004408,认购,2023/3/22
10004409,认购,2023/3/22
10004410,认购,2023/3/22
10004411,认购,2023/3/22
10004412,认购,2023/3/22
10004413,认购,2023/3/22
10004414,认沽,2023/3/22
10004415,认沽,2023/3/22
10004416,认沽,2023/3/22
10004417,认沽,2023/3/22
10004418,认沽,2023/3/22
10004419,认沽,2023/3/22
10004420,认沽,2023/3/22
10004421,认沽,2023/3/22
10004422,认沽,2023/3/22
10004445,认购,2022/8/24
10004446,认沽,2022/8/24
10004447,认购,2023/3/22
10004448,认沽,2023/3/22
10004449,认购,2022/8/24
10004450,认沽,2022/8/24
10004451,认购,2023/3/22
10004452,认沽,2023/3/22
10004457,认购,2022/10/26
10004458,认购,2022/10/26
10004459,认购,2022/10/26
10004460,认购,2022/10/26
10004461,认购,2022/10/26
10004462,认购,2022/10/26
10004463,认购,2022/10/26
10004464,认购,2022/10/26
10004465,认购,2022/10/26
10004466,认沽,2022/10/26
10004467,认沽,2022/10/26
10004468,认沽,2022/10/26
10004469,认沽,2022/10/26
10004470,认沽,2022/10/26
10004471,认沽,2022/10/26
10004472,认沽,2022/10/26
10004473,认沽,2022/10/26
10004474,认沽,2022/10/26
10004493,认购,2022/10/26
10004494,认沽,2022/10/26
10004569,认购,2022/10/26
10004570,认沽,2022/10/26
10004571,认购,2023/3/22
10004572,认沽,2023/3/22
10004577,认购,2022/10/26
10004578,认沽,2022/10/26
10004579,认购,2022/12/28
10004580,认沽,2022/12/28
10004581,认购,2023/3/22
10004582,认沽,2023/3/22
10004595,认购,2022/11/23
10004596,认购,2022/11/23
10004597,认购,2022/11/23
10004598,认购,2022/11/23
10004599,认购,2022/11/23
10004600,认购,2022/11/23
10004601,认购,2022/11/23
10004602,认购,2022/11/23
10004603,认购,2022/11/23
10004604,认沽,2022/11/23
10004605,认沽,2022/11/23
10004606,认沽,2022/11/23
10004607,认沽,2022/11/23
10004608,认沽,2022/11/23
10004609,认沽,2022/11/23
10004610,认沽,2022/11/23
10004611,认沽,2022/11/23
10004612,认沽,2022/11/23
10004631,认购,2022/10/26
10004632,认沽,2022/10/26
10004633,认购,2022/11/23
10004634,认沽,2022/11/23
10004635,认购,2022/12/28
10004636,认沽,2022/12/28
10004637,认购,2023/3/22
10004638,认沽,2023/3/22
10004647,认购,2022/10/26
10004648,认沽,2022/10/26
10004649,认购,2022/11/23
10004650,认沽,2022/11/23
10004651,认购,2022/12/28
10004652,认沽,2022/12/28
10004653,认购,2023/3/22
10004654,认沽,2023/3/22
10004655,认购,2022/10/26
10004656,认购,2022/10/26
10004657,认沽,2022/10/26
10004658,认沽,2022/10/26
10004659,认购,2022/11/23
10004660,认购,2022/11/23
10004661,认沽,2022/11/23
10004662,认沽,2022/11/23
10004663,认购,2022/12/28
10004664,认购,2022/12/28
10004665,认沽,2022/12/28
10004666,认沽,2022/12/28
10004667,认购,2023/3/22
10004668,认购,2023/3/22
10004669,认沽,2023/3/22
10004670,认沽,2023/3/22
10004679,认购,2023/6/28
10004680,认购,2023/6/28
10004681,认购,2023/6/28
10004682,认购,2023/6/28
10004683,认购,2023/6/28
10004684,认购,2023/6/28
10004685,认购,2023/6/28
10004686,认购,2023/6/28
10004687,认购,2023/6/28
10004688,认沽,2023/6/28
10004689,认沽,2023/6/28
10004690,认沽,2023/6/28
10004691,认沽,2023/6/28
10004692,认沽,2023/6/28
10004693,认沽,2023/6/28
10004694,认沽,2023/6/28
10004695,认沽,2023/6/28
10004696,认沽,2023/6/28
10004733,认购,2022/11/23
10004734,认沽,2022/11/23
10004735,认购,2022/12/28
10004736,认沽,2022/12/28
10004737,认购,2023/3/22
10004738,认沽,2023/3/22
10004739,认购,2023/6/28
10004740,认沽,2023/6/28
10004741,认购,2022/11/23
10004742,认沽,2022/11/23
10004743,认购,2022/12/28
10004744,认沽,2022/12/28
10004745,认购,2023/3/22
10004746,认沽,2023/3/22
10004747,认购,2023/6/28
10004748,认沽,2023/6/28
10004759,认购,2023/6/28
10004760,认沽,2023/6/28
10004771,认购,2023/6/28
10004772,认沽,2023/6/28
10004773,认购,2023/6/28
10004774,认沽,2023/6/28
10004777,认购,2023/6/28
10004778,认沽,2023/6/28
10004779,认购,2023/1/30
10004780,认购,2023/1/30
10004781,认购,2023/1/30
10004782,认购,2023/1/30
10004783,认购,2023/1/30
10004784,认购,2023/1/30
10004785,认购,2023/1/30
10004786,认购,2023/1/30
10004787,认购,2023/1/30
10004788,认沽,2023/1/30
10004789,认沽,2023/1/30
10004790,认沽,2023/1/30
10004791,认沽,2023/1/30
10004792,认沽,2023/1/30
10004793,认沽,2023/1/30
10004794,认沽,2023/1/30
10004795,认沽,2023/1/30
10004796,认沽,2023/1/30
10004833,认购,2023/1/30
10004834,认沽,2023/1/30
10004837,认购,2023/1/30
10004838,认沽,2023/1/30
10004841,认购,2022/12/28
10004842,认购,2022/12/28
10004843,认购,2022/12/28
10004844,认购,2022/12/28
10004845,认购,2022/12/28
10004846,认购,2022/12/28
10004847,认购,2022/12/28
10004848,认购,2022/12/28
10004849,认购,2022/12/28
10004850,认沽,2022/12/28
10004851,认沽,2022/12/28
10004852,认沽,2022/12/28
10004853,认沽,2022/12/28
10004854,认沽,2022/12/28
10004855,认沽,2022/12/28
10004856,认沽,2022/12/28
10004857,认沽,2022/12/28
10004858,认沽,2022/12/28
10004859,认购,2023/1/30
10004860,认购,2023/1/30
10004861,认购,2023/1/30
10004862,认购,2023/1/30
10004863,认购,2023/1/30
10004864,认购,2023/1/30
10004865,认购,2023/1/30
10004866,认购,2023/1/30
10004867,认购,2023/1/30
10004868,认沽,2023/1/30
10004869,认沽,2023/1/30
10004870,认沽,2023/1/30
10004871,认沽,2023/1/30
10004872,认沽,2023/1/30
10004873,认沽,2023/1/30
10004874,认沽,2023/1/30
10004875,认沽,2023/1/30
10004876,认沽,2023/1/30
10004877,认购,2023/3/22
10004878,认购,2023/3/22
10004879,认购,2023/3/22
10004880,认购,2023/3/22
10004881,认购,2023/3/22
10004882,认购,2023/3/22
10004883,认购,2023/3/22
10004884,认购,2023/3/22
10004885,认购,2023/3/22
10004886,认沽,2023/3/22
10004887,认沽,2023/3/22
10004888,认沽,2023/3/22
10004889,认沽,2023/3/22
10004890,认沽,2023/3/22
10004891,认沽,2023/3/22
10004892,认沽,2023/3/22
10004893,认沽,2023/3/22
10004894,认沽,2023/3/22
10004895,认购,2023/6/28
10004896,认购,2023/6/28
10004897,认购,2023/6/28
10004898,认购,2023/6/28
10004899,认购,2023/6/28
10004900,认购,2023/6/28
10004901,认购,2023/6/28
10004902,认购,2023/6/28
10004903,认购,2023/6/28
10004904,认沽,2023/6/28
10004905,认沽,2023/6/28
10004906,认沽,2023/6/28
10004907,认沽,2023/6/28
10004908,认沽,2023/6/28
10004909,认沽,2023/6/28
10004910,认沽,2023/6/28
10004911,认沽,2023/6/28
10004912,认沽,2023/6/28
10004913,认购,2022/12/28
10004914,认沽,2022/12/28
10004915,认购,2023/1/30
10004916,认沽,2023/1/30
10004917,认购,2023/3/22
10004918,认沽,2023/3/22
10004919,认购,2023/6/28
10004920,认沽,2023/6/28
10004925,认购,2022/12/28
10004926,认沽,2022/12/28
10004927,认购,2023/1/30
10004928,认沽,2023/1/30
10004929,认购,2023/3/22
10004930,认沽,2023/3/22
10004931,认购,2023/6/28
10004932,认沽,2023/6/28
10004939,认购,2023/2/22
10004940,认购,2023/2/22
10004941,认购,2023/2/22
10004942,认购,2023/2/22
10004943,认购,2023/2/22
10004944,认购,2023/2/22
10004945,认购,2023/2/22
10004946,认购,2023/2/22
10004947,认购,2023/2/22
10004948,认沽,2023/2/22
10004949,认沽,2023/2/22
10004950,认沽,2023/2/22
10004951,认沽,2023/2/22
10004952,认沽,2023/2/22
10004953,认沽,2023/2/22
10004954,认沽,2023/2/22
10004955,认沽,2023/2/22
10004956,认沽,2023/2/22
10004995,认购,2023/2/22
10004996,认沽,2023/2/22
10004997,认购,2023/1/30
10004998,认沽,2023/1/30
10004999,认购,2023/2/22
10005000,认沽,2023/2/22
10005001,认购,2023/3/22
10005002,认沽,2023/3/22
10005003,认购,2023/6/28
10005004,认沽,2023/6/28
10005007,认购,2023/1/30
10005008,认沽,2023/1/30
10005009,认购,2023/2/22
10005010,认沽,2023/2/22
10005011,认购,2023/3/22
10005012,认沽,2023/3/22
10005013,认购,2023/6/28
10005014,认沽,2023/6/28
10005087,认购,2023/1/30
10005088,认沽,2023/1/30
10005089,认购,2023/2/22
10005090,认沽,2023/2/22
10005091,认购,2023/3/22
10005092,认沽,2023/3/22
10005093,认购,2023/6/28
10005094,认沽,2023/6/28
10005105,认购,2023/9/27
10005106,认购,2023/9/27
10005107,认购,2023/9/27
10005108,认购,2023/9/27
10005109,认购,2023/9/27
10005110,认购,2023/9/27
10005111,认购,2023/9/27
10005112,认购,2023/9/27
10005113,认购,2023/9/27
10005114,认沽,2023/9/27
10005115,认沽,2023/9/27
10005116,认沽,2023/9/27
10005117,认沽,2023/9/27
10005118,认沽,2023/9/27
10005119,认沽,2023/9/27
10005120,认沽,2023/9/27
10005121,认沽,2023/9/27
10005122,认沽,2023/9/27
10005159,认购,2023/9/27
10005160,认沽,2023/9/27
10005171,认购,2023/9/27
10005172,认沽,2023/9/27
10005173,认购,2023/9/27
10005174,认沽,2023/9/27
10005183,认购,2023/4/26
10005184,认购,2023/4/26
10005185,认购,2023/4/26
10005186,认购,2023/4/26
10005187,认购,2023/4/26
10005188,认购,2023/4/26
10005189,认购,2023/4/26
10005190,认购,2023/4/26
10005191,认购,2023/4/26
10005192,认沽,2023/4/26
10005193,认沽,2023/4/26
10005194,认沽,2023/4/26
10005195,认沽,2023/4/26
10005196,认沽,2023/4/26
10005197,认沽,2023/4/26
10005198,认沽,2023/4/26
10005199,认沽,2023/4/26
10005200,认沽,2023/4/26
10005237,认购,2023/4/26
10005238,认沽,2023/4/26
10005243,认购,2023/4/26
10005244,认沽,2023/4/26
10005245,认购,2023/4/26
10005246,认沽,2023/4/26
10005247,认购,2023/9/27
10005248,认沽,2023/9/27
10005257,认购,2023/4/26
10005258,认沽,2023/4/26
10005259,认购,2023/9/27
10005260,认沽,2023/9/27
10005261,认购,2023/5/24
10005262,认购,2023/5/24
10005263,认购,2023/5/24
10005264,认购,2023/5/24
10005265,认购,2023/5/24
10005266,认购,2023/5/24
10005267,认购,2023/5/24
10005268,认购,2023/5/24
10005269,认购,2023/5/24
10005270,认沽,2023/5/24
10005271,认沽,2023/5/24
10005272,认沽,2023/5/24
10005273,认沽,2023/5/24
10005274,认沽,2023/5/24
10005275,认沽,2023/5/24
10005276,认沽,2023/5/24
10005277,认沽,2023/5/24
10005278,认沽,2023/5/24
