日期,收盘价
2005/2/23,0.876
2005/2/24,0.876
2005/2/25,0.88
2005/2/28,0.872
2005/3/1,0.867
2005/3/2,0.859
2005/3/3,0.859
2005/3/4,0.86
2005/3/7,0.862
2005/3/8,0.874
2005/3/9,0.873
2005/3/10,0.853
2005/3/11,0.855
2005/3/14,0.857
2005/3/15,0.843
2005/3/16,0.834
2005/3/17,0.828
2005/3/18,0.824
2005/3/21,0.824
2005/3/22,0.808
2005/3/23,0.804
2005/3/24,0.806
2005/3/25,0.805
2005/3/28,0.802
2005/3/29,0.805
2005/3/30,0.793
2005/3/31,0.794
2005/4/1,0.829
2005/4/4,0.81
2005/4/5,0.805
2005/4/6,0.818
2005/4/7,0.824
2005/4/8,0.836
2005/4/11,0.83
2005/4/12,0.821
2005/4/13,0.84
2005/4/14,0.828
2005/4/15,0.818
2005/4/18,0.808
2005/4/19,0.811
2005/4/20,0.797
2005/4/21,0.797
2005/4/22,0.798
2005/4/25,0.79
2005/4/26,0.793
2005/4/27,0.788
2005/4/28,0.797
2005/4/29,0.788
2005/5/9,0.78
2005/5/10,0.783
2005/5/11,0.777
2005/5/12,0.76
2005/5/13,0.762
2005/5/16,0.75
2005/5/17,0.754
2005/5/18,0.755
2005/5/19,0.755
2005/5/20,0.757
2005/5/23,0.743
2005/5/24,0.741
2005/5/25,0.743
2005/5/26,0.736
2005/5/27,0.73
2005/5/30,0.736
2005/5/31,0.738
2005/6/1,0.726
2005/6/2,0.707
2005/6/3,0.705
2005/6/6,0.72
2005/6/7,0.72
2005/6/8,0.781
2005/6/9,0.789
2005/6/10,0.775
2005/6/13,0.774
2005/6/14,0.768
2005/6/15,0.755
2005/6/16,0.766
2005/6/17,0.772
2005/6/20,0.804
2005/6/21,0.794
2005/6/22,0.798
2005/6/23,0.794
2005/6/24,0.794
2005/6/27,0.808
2005/6/28,0.802
2005/6/29,0.791
2005/6/30,0.769
2005/7/1,0.767
2005/7/4,0.761
2005/7/5,0.754
2005/7/6,0.75
2005/7/7,0.75
2005/7/8,0.743
2005/7/11,0.741
2005/7/12,0.772
2005/7/13,0.765
2005/7/14,0.768
2005/7/15,0.766
2005/7/18,0.764
2005/7/19,0.763
2005/7/20,0.772
2005/7/21,0.775
2005/7/22,0.787
2005/7/25,0.784
2005/7/26,0.796
2005/7/27,0.803
2005/7/28,0.799
2005/7/29,0.797
2005/8/1,0.798
2005/8/2,0.805
2005/8/3,0.807
2005/8/4,0.805
2005/8/5,0.827
2005/8/8,0.828
2005/8/9,0.829
2005/8/10,0.83
2005/8/11,0.84
2005/8/12,0.836
2005/8/15,0.854
2005/8/16,0.839
2005/8/17,0.85
2005/8/18,0.824
2005/8/19,0.83
2005/8/22,0.836
2005/8/23,0.83
2005/8/24,0.84
2005/8/25,0.84
2005/8/26,0.84
2005/8/29,0.83
2005/8/30,0.826
2005/8/31,0.835
2005/9/1,0.844
2005/9/2,0.845
2005/9/5,0.845
2005/9/6,0.834
2005/9/7,0.839
2005/9/8,0.841
2005/9/9,0.841
2005/9/12,0.84
2005/9/13,0.845
2005/9/14,0.85
2005/9/15,0.848
2005/9/16,0.846
2005/9/19,0.845
2005/9/20,0.839
2005/9/21,0.83
2005/9/22,0.813
2005/9/23,0.808
2005/9/26,0.812
2005/9/27,0.8
2005/9/28,0.802
2005/9/29,0.809
2005/9/30,0.808
2005/10/10,0.799
2005/10/11,0.807
2005/10/12,0.806
2005/10/13,0.799
2005/10/14,0.784
2005/10/17,0.781
2005/10/18,0.782
2005/10/19,0.781
2005/10/20,0.79
2005/10/21,0.789
2005/10/24,0.787
2005/10/25,0.78
2005/10/26,0.763
2005/10/27,0.765
2005/10/28,0.76
2005/10/31,0.77
2005/11/1,0.767
2005/11/2,0.773
2005/11/3,0.766
2005/11/4,0.77
2005/11/7,0.766
2005/11/8,0.772
2005/11/9,0.766
2005/11/10,0.755
2005/11/11,0.756
2005/11/14,0.752
2005/11/15,0.752
2005/11/16,0.755
2005/11/17,0.757
2005/11/18,0.774
2005/11/21,0.775
2005/11/22,0.761
2005/11/23,0.766
2005/11/24,0.776
2005/11/25,0.783
2005/11/28,0.778
2005/11/29,0.77
2005/11/30,0.774
2005/12/1,0.773
2005/12/2,0.772
2005/12/5,0.766
2005/12/6,0.775
2005/12/7,0.781
2005/12/8,0.779
2005/12/9,0.792
2005/12/12,0.79
2005/12/13,0.788
2005/12/14,0.794
2005/12/15,0.794
2005/12/16,0.798
2005/12/19,0.798
2005/12/20,0.801
2005/12/21,0.802
2005/12/22,0.805
2005/12/23,0.81
2005/12/26,0.813
2005/12/27,0.809
2005/12/28,0.809
2005/12/29,0.817
2005/12/30,0.812
2006/1/4,0.829
2006/1/5,0.848
2006/1/6,0.854
2006/1/9,0.858
2006/1/10,0.855
2006/1/11,0.848
2006/1/12,0.854
2006/1/13,0.846
2006/1/16,0.833
2006/1/17,0.839
2006/1/18,0.856
2006/1/19,0.858
2006/1/20,0.856
2006/1/23,0.86
2006/1/24,0.854
2006/1/25,0.863
2006/2/6,0.878
2006/2/7,0.873
2006/2/8,0.877
2006/2/9,0.865
2006/2/10,0.879
2006/2/13,0.876
2006/2/14,0.877
2006/2/15,0.885
2006/2/16,0.875
2006/2/17,0.875
2006/2/20,0.872
2006/2/21,0.887
2006/2/22,0.882
2006/2/23,0.89
2006/2/24,0.898
2006/2/27,0.901
2006/2/28,0.911
2006/3/1,0.919
2006/3/2,0.901
2006/3/3,0.902
2006/3/6,0.897
2006/3/7,0.881
2006/3/8,0.877
2006/3/9,0.872
2006/3/10,0.874
2006/3/13,0.882
2006/3/14,0.878
2006/3/15,0.885
2006/3/16,0.882
2006/3/17,0.881
2006/3/20,0.891
2006/3/21,0.892
2006/3/22,0.897
2006/3/23,0.894
2006/3/24,0.895
2006/3/27,0.897
2006/3/28,0.904
2006/3/29,0.912
2006/3/30,0.906
2006/3/31,0.91
2006/4/3,0.92
2006/4/4,0.925
2006/4/5,0.932
2006/4/6,0.93
2006/4/7,0.919
2006/4/10,0.932
2006/4/11,0.936
2006/4/12,0.933
2006/4/13,0.92
2006/4/14,0.938
2006/4/17,0.947
2006/4/18,0.95
2006/4/19,0.952
2006/4/20,0.939
2006/4/21,0.962
2006/4/24,0.961
2006/4/25,0.942
2006/4/26,0.963
2006/4/27,0.964
2006/4/28,0.992
2006/5/8,1.026
2006/5/9,1.046
2006/5/10,1.052
2006/5/11,1.043
2006/5/12,1.08
2006/5/15,1.139
2006/5/16,1.104
2006/5/17,1.107
2006/5/18,1.105
2006/5/19,1.101
2006/5/22,1.1
2006/5/23,1.064
2006/5/24,1.066
2006/5/25,1.065
2006/5/26,1.09
2006/5/29,1.108
2006/5/30,1.114
2006/5/31,1.11
2006/6/1,1.138
2006/6/2,1.137
2006/6/5,1.124
2006/6/6,1.122
2006/6/7,1.073
2006/6/8,1.079
2006/6/9,1.061
2006/6/12,1.061
2006/6/13,1.058
2006/6/14,1.052
2006/6/15,1.053
2006/6/16,1.076
2006/6/19,1.083
2006/6/20,1.088
2006/6/21,1.087
2006/6/22,1.084
2006/6/23,1.092
2006/6/26,1.117
2006/6/27,1.117
2006/6/28,1.117
2006/6/29,1.138
2006/6/30,1.136
2006/7/3,1.161
2006/7/4,1.15
2006/7/5,1.123
2006/7/6,1.14
2006/7/7,1.128
2006/7/10,1.127
2006/7/11,1.13
2006/7/12,1.132
2006/7/13,1.085
2006/7/14,1.091
2006/7/17,1.097
2006/7/18,1.094
2006/7/19,1.07
2006/7/20,1.076
2006/7/21,1.088
2006/7/24,1.088
2006/7/25,1.1
2006/7/26,1.1
2006/7/27,1.092
2006/7/28,1.08
2006/7/31,1.052
2006/8/1,1.043
2006/8/2,1.035
2006/8/3,1.039
2006/8/4,1.024
2006/8/7,1.008
2006/8/8,1.024
2006/8/9,1.028
2006/8/10,1.042
2006/8/11,1.04
2006/8/14,1.026
2006/8/15,1.038
2006/8/16,1.048
2006/8/17,1.039
2006/8/18,1.042
2006/8/21,1.043
2006/8/22,1.052
2006/8/23,1.055
2006/8/24,1.06
2006/8/25,1.064
2006/8/28,1.085
2006/8/29,1.081
2006/8/30,1.078
2006/8/31,1.077
2006/9/1,1.064
2006/9/4,1.076
2006/9/5,1.081
2006/9/6,1.09
2006/9/7,1.078
2006/9/8,1.081
2006/9/11,1.087
2006/9/12,1.101
2006/9/13,1.104
2006/9/14,1.102
2006/9/15,1.13
2006/9/18,1.148
2006/9/19,1.133
2006/9/20,1.129
2006/9/21,1.144
2006/9/22,1.132
2006/9/25,1.127
2006/9/26,1.114
2006/9/27,1.125
2006/9/28,1.142
2006/9/29,1.156
2006/10/9,1.186
2006/10/10,1.191
2006/10/11,1.19
2006/10/12,1.187
2006/10/13,1.186
2006/10/16,1.169
2006/10/17,1.161
2006/10/18,1.185
2006/10/19,1.189
2006/10/20,1.192
2006/10/23,1.173
2006/10/24,1.194
2006/10/25,1.201
2006/10/26,1.217
2006/10/27,1.201
2006/10/30,1.213
2006/10/31,1.233
2006/11/1,1.251
2006/11/2,1.246
2006/11/3,1.267
2006/11/6,1.285
2006/11/7,1.303
2006/11/8,1.283
2006/11/9,1.312
2006/11/10,1.308
2006/11/13,1.286
2006/11/14,1.3
2006/11/15,1.333
2006/11/16,1.302
2006/11/17,1.327
2006/11/20,1.364
2006/11/21,1.37
2006/11/22,1.38
2006/11/23,1.389
2006/11/24,1.383
2006/11/27,1.375
2006/11/28,1.36
2006/11/29,1.38
2006/11/30,1.416
2006/12/1,1.421
2006/12/4,1.481
2006/12/5,1.487
2006/12/6,1.483
2006/12/7,1.498
2006/12/8,1.438
2006/12/11,1.52
2006/12/12,1.527
2006/12/13,1.52
2006/12/14,1.547
2006/12/15,1.574
2006/12/18,1.608
2006/12/19,1.615
2006/12/20,1.641
2006/12/21,1.617
2006/12/22,1.588
2006/12/25,1.627
2006/12/26,1.636
2006/12/27,1.69
2006/12/28,1.699
2006/12/29,1.788
2007/1/4,1.801
2007/1/5,1.776
2007/1/8,1.829
2007/1/9,1.904
2007/1/10,1.924
2007/1/11,1.898
2007/1/12,1.837
2007/1/15,1.917
2007/1/16,1.944
2007/1/17,1.91
2007/1/18,1.906
2007/1/19,1.968
2007/1/22,2.053
2007/1/23,2.085
2007/1/24,2.11
2007/1/25,2.07
2007/1/26,2.151
2007/1/29,2.2
2007/1/30,2.177
2007/1/31,2.035
2007/2/1,2.025
2007/2/2,1.932
2007/2/5,1.884
2007/2/6,1.946
2007/2/7,1.987
2007/2/8,2.005
2007/2/9,1.98
2007/2/12,2.068
2007/2/13,2.085
2007/2/14,2.155
2007/2/15,2.218
2007/2/16,2.212
2007/2/26,2.215
2007/2/27,2.021
2007/2/28,2.074
2007/3/1,2.016
2007/3/2,2.043
2007/3/5,1.996
2007/3/6,2.051
2007/3/7,2.103
2007/3/8,2.113
2007/3/9,2.111
2007/3/12,2.101
2007/3/13,2.11
2007/3/14,2.067
2007/3/15,2.107
2007/3/16,2.074
2007/3/19,2.152
2007/3/20,2.147
2007/3/21,2.173
2007/3/22,2.18
2007/3/23,2.176
2007/3/26,2.207
2007/3/27,2.21
2007/3/28,2.251
2007/3/29,2.274
2007/3/30,2.259
2007/4/2,2.31
2007/4/3,2.332
2007/4/4,2.342
2007/4/5,2.348
2007/4/6,2.353
2007/4/9,2.405
2007/4/10,2.427
2007/4/11,2.461
2007/4/12,2.498
2007/4/13,2.471
2007/4/16,2.542
2007/4/17,2.531
2007/4/18,2.515
2007/4/19,2.412
2007/4/20,2.503
2007/4/23,2.612
2007/4/24,2.609
2007/4/25,2.638
2007/4/26,2.656
2007/4/27,2.635
2007/4/30,2.675
2007/5/8,2.763
2007/5/9,2.785
2007/5/10,2.81
2007/5/11,2.788
2007/5/14,2.821
2007/5/15,2.72
2007/5/16,2.768
2007/5/17,2.808
2007/5/18,2.788
2007/5/21,2.793
2007/5/22,2.82
2007/5/23,2.857
2007/5/24,2.83
2007/5/25,2.869
2007/5/28,2.926
2007/5/29,2.98
2007/5/30,2.737
2007/5/31,2.879
2007/6/1,2.859
2007/6/4,2.697
2007/6/5,2.716
2007/6/6,2.707
2007/6/7,2.789
2007/6/8,2.801
2007/6/11,2.85
2007/6/12,2.915
2007/6/13,2.999
2007/6/14,2.962
2007/6/15,2.984
2007/6/18,3.08
2007/6/19,3.066
2007/6/20,3.023
2007/6/21,3.048
2007/6/22,2.986
2007/6/25,2.917
2007/6/26,2.94
2007/6/27,3.038
2007/6/28,2.961
2007/6/29,2.891
2007/7/2,2.925
2007/7/3,2.94
2007/7/4,2.873
2007/7/5,2.769
2007/7/6,2.837
2007/7/9,2.93
2007/7/10,2.914
2007/7/11,2.916
2007/7/12,2.954
2007/7/13,2.958
2007/7/16,2.86
2007/7/17,2.943
2007/7/18,2.958
2007/7/19,2.947
2007/7/20,3.089
2007/7/23,3.202
2007/7/24,3.203
2007/7/25,3.287
2007/7/26,3.277
2007/7/27,3.244
2007/7/30,3.336
2007/7/31,3.362
2007/8/1,3.256
2007/8/2,3.341
2007/8/3,3.5
2007/8/6,3.55
2007/8/7,3.56
2007/8/8,3.537
2007/8/9,3.656
2007/8/10,3.649
2007/8/13,3.669
2007/8/14,3.706
2007/8/15,3.719
2007/8/16,3.641
2007/8/17,3.554
2007/8/20,3.79
2007/8/21,3.819
2007/8/22,3.87
2007/8/23,3.917
2007/8/24,4.026
2007/8/27,4.041
2007/8/28,4.04
2007/8/29,3.99
2007/8/30,4.02
2007/8/31,4.06
2007/9/3,4.155
2007/9/4,4.086
2007/9/5,4.083
2007/9/6,4.126
2007/9/7,4.06
2007/9/10,4.11
2007/9/11,3.954
2007/9/12,3.966
2007/9/13,4.056
2007/9/14,4.069
2007/9/17,4.175
2007/9/18,4.14
2007/9/19,4.09
2007/9/20,4.138
2007/9/21,4.095
2007/9/24,4.139
2007/9/25,4.109
2007/9/26,4.049
2007/9/27,4.103
2007/9/28,4.243
2007/10/8,4.295
2007/10/9,4.314
2007/10/10,4.352
2007/10/11,4.475
2007/10/12,4.457
2007/10/15,4.587
2007/10/16,4.599
2007/10/17,4.546
2007/10/18,4.38
2007/10/19,4.348
2007/10/22,4.255
2007/10/23,4.36
2007/10/24,4.404
2007/10/25,4.24
2007/10/26,4.308
2007/10/29,4.392
2007/10/30,4.442
2007/10/31,4.445
2007/11/1,4.407
2007/11/2,4.311
2007/11/5,4.228
2007/11/6,4.204
2007/11/7,4.226
2007/11/8,4.034
2007/11/9,3.999
2007/11/12,3.952
2007/11/13,3.924
2007/11/14,4.108
2007/11/15,4.029
2007/11/16,3.971
2007/11/19,3.954
2007/11/20,3.996
2007/11/21,3.96
2007/11/22,3.804
2007/11/23,3.862
2007/11/26,3.784
2007/11/27,3.774
2007/11/28,3.722
2007/11/29,3.913
2007/11/30,3.82
2007/12/3,3.856
2007/12/4,3.89
2007/12/5,4
2007/12/6,3.985
2007/12/7,4.06
2007/12/10,4.114
2007/12/11,4.084
2007/12/12,4.003
2007/12/13,3.865
2007/12/14,3.942
2007/12/17,3.839
2007/12/18,3.81
2007/12/19,3.901
2007/12/20,3.975
2007/12/21,4.027
2007/12/24,4.086
2007/12/25,4.082
2007/12/26,4.105
2007/12/27,4.184
2007/12/28,4.151
2008/1/2,4.141
2008/1/3,4.156
2008/1/4,4.203
2008/1/7,4.253
2008/1/8,4.266
2008/1/9,4.328
2008/1/10,4.343
2008/1/11,4.402
2008/1/14,4.437
2008/1/15,4.37
2008/1/16,4.235
2008/1/17,4.151
2008/1/18,4.165
2008/1/21,3.969
2008/1/22,3.698
2008/1/23,3.845
2008/1/24,3.825
2008/1/25,3.881
2008/1/28,3.621
2008/1/29,3.635
2008/1/30,3.552
2008/1/31,3.512
2008/2/1,3.501
2008/2/4,3.851
2008/2/5,3.777
2008/2/13,3.683
2008/2/14,3.721
2008/2/15,3.653
2008/2/18,3.715
2008/2/19,3.798
2008/2/20,3.694
2008/2/21,3.645
2008/2/22,3.5
2008/2/25,3.384
2008/2/26,3.409
2008/2/27,3.493
2008/2/28,3.469
2008/2/29,3.501
2008/3/3,3.58
2008/3/4,3.459
2008/3/5,3.423
2008/3/6,3.458
2008/3/7,3.421
2008/3/10,3.294
2008/3/11,3.294
2008/3/12,3.207
2008/3/13,3.136
2008/3/14,3.115
2008/3/17,3.027
2008/3/18,2.912
2008/3/19,2.994
2008/3/20,3.052
2008/3/21,3.057
2008/3/24,2.914
2008/3/25,2.924
2008/3/26,2.94
2008/3/27,2.82
2008/3/28,2.958
2008/3/31,2.866
2008/4/1,2.763
2008/4/2,2.788
2008/4/3,2.872
2008/4/7,2.989
2008/4/8,2.982
2008/4/9,2.844
2008/4/10,2.873
2008/4/11,2.882
2008/4/14,2.718
2008/4/15,2.74
2008/4/16,2.68
2008/4/17,2.606
2008/4/18,2.539
2008/4/21,2.575
2008/4/22,2.61
2008/4/23,2.718
2008/4/24,2.99
2008/4/25,2.985
2008/4/28,2.912
2008/4/29,2.943
2008/4/30,3.111
2008/5/5,3.135
2008/5/6,3.087
2008/5/7,2.963
2008/5/8,3.02
2008/5/9,2.961
2008/5/12,2.973
2008/5/13,2.925
2008/5/14,3.014
2008/5/15,2.997
2008/5/16,2.99
2008/5/19,2.964
2008/5/20,2.836
2008/5/21,2.887
2008/5/22,2.841
2008/5/23,2.845
2008/5/26,2.759
2008/5/27,2.764
2008/5/28,2.839
2008/5/29,2.774
2008/5/30,2.807
2008/6/2,2.822
2008/6/3,2.811
2008/6/4,2.754
2008/6/5,2.725
2008/6/6,2.712
2008/6/10,2.482
2008/6/11,2.461
2008/6/12,2.406
2008/6/13,2.367
2008/6/16,2.369
2008/6/17,2.317
2008/6/18,2.408
2008/6/19,2.25
2008/6/20,2.33
2008/6/23,2.269
2008/6/24,2.306
2008/6/25,2.381
2008/6/26,2.378
2008/6/27,2.256
2008/6/30,2.232
2008/7/1,2.143
2008/7/2,2.133
2008/7/3,2.16
2008/7/4,2.14
2008/7/7,2.263
2008/7/8,2.262
2008/7/9,2.368
2008/7/10,2.336
2008/7/11,2.32
2008/7/14,2.331
2008/7/15,2.226
2008/7/16,2.157
2008/7/17,2.142
2008/7/18,2.238
2008/7/21,2.302
2008/7/22,2.289
2008/7/23,2.279
2008/7/24,2.362
2008/7/25,2.337
2008/7/28,2.35
2008/7/29,2.3
2008/7/30,2.295
2008/7/31,2.237
2008/8/1,2.273
2008/8/4,2.224
2008/8/5,2.19
2008/8/6,2.217
2008/8/7,2.22
2008/8/8,2.112
2008/8/11,2.041
2008/8/12,2.031
2008/8/13,2.019
2008/8/14,2.012
2008/8/15,2.027
2008/8/18,1.935
2008/8/19,1.954
2008/8/20,2.119
2008/8/21,2.049
2008/8/22,2.009
2008/8/25,2.021
2008/8/26,1.982
2008/8/27,1.988
2008/8/28,2.003
2008/8/29,2.038
2008/9/1,1.975
2008/9/2,1.948
2008/9/3,1.908
2008/9/4,1.91
2008/9/5,1.86
2008/9/8,1.832
2008/9/9,1.842
2008/9/10,1.839
2008/9/11,1.771
2008/9/12,1.774
2008/9/16,1.649
2008/9/17,1.601
2008/9/18,1.569
2008/9/19,1.726
2008/9/22,1.899
2008/9/23,1.777
2008/9/24,1.798
2008/9/25,1.872
2008/9/26,1.866
2008/10/6,1.762
2008/10/7,1.731
2008/10/8,1.65
2008/10/9,1.634
2008/10/10,1.572
2008/10/13,1.663
2008/10/14,1.612
2008/10/15,1.582
2008/10/16,1.503
2008/10/17,1.513
2008/10/20,1.568
2008/10/21,1.543
2008/10/22,1.502
2008/10/23,1.494
2008/10/24,1.446
2008/10/27,1.323
2008/10/28,1.389
2008/10/29,1.347
2008/10/30,1.391
2008/10/31,1.359
2008/11/3,1.36
2008/11/4,1.355
2008/11/5,1.415
2008/11/6,1.372
2008/11/7,1.399
2008/11/10,1.529
2008/11/11,1.491
2008/11/12,1.505
2008/11/13,1.554
2008/11/14,1.589
2008/11/17,1.602
2008/11/18,1.495
2008/11/19,1.535
2008/11/20,1.49
2008/11/21,1.485
2008/11/24,1.424
2008/11/25,1.42
2008/11/26,1.422
2008/11/27,1.448
2008/11/28,1.397
2008/12/1,1.412
2008/12/2,1.407
2008/12/3,1.476
2008/12/4,1.503
2008/12/5,1.52
2008/12/8,1.583
2008/12/9,1.538
2008/12/10,1.585
2008/12/11,1.543
2008/12/12,1.478
2008/12/15,1.486
2008/12/16,1.495
2008/12/17,1.494
2008/12/18,1.53
2008/12/19,1.528
2008/12/22,1.499
2008/12/23,1.434
2008/12/24,1.411
2008/12/25,1.399
2008/12/26,1.398
2008/12/29,1.391
2008/12/30,1.373
2008/12/31,1.365
2009/1/5,1.417
2009/1/6,1.457
2009/1/7,1.448
2009/1/8,1.407
2009/1/9,1.428
2009/1/12,1.42
2009/1/13,1.397
2009/1/14,1.46
2009/1/15,1.447
2009/1/16,1.489
2009/1/19,1.508
2009/1/20,1.518
2009/1/21,1.511
2009/1/22,1.526
2009/1/23,1.518
2009/2/2,1.52
2009/2/3,1.559
2009/2/4,1.606
2009/2/5,1.6
2009/2/6,1.668
2009/2/9,1.692
2009/2/10,1.697
2009/2/11,1.7
2009/2/12,1.675
2009/2/13,1.737
2009/2/16,1.792
2009/2/17,1.748
2009/2/18,1.668
2009/2/19,1.66
2009/2/20,1.679
2009/2/23,1.718
2009/2/24,1.629
2009/2/25,1.645
2009/2/26,1.593
2009/2/27,1.574
2009/3/2,1.576
2009/3/3,1.553
2009/3/4,1.671
2009/3/5,1.689
2009/3/6,1.676
2009/3/9,1.619
2009/3/10,1.641
2009/3/11,1.626
2009/3/12,1.624
2009/3/13,1.621
2009/3/16,1.658
2009/3/17,1.709
2009/3/18,1.704
2009/3/19,1.732
2009/3/20,1.726
2009/3/23,1.766
2009/3/24,1.774
2009/3/25,1.745
2009/3/26,1.818
2009/3/27,1.823
2009/3/30,1.815
2009/3/31,1.831
2009/4/1,1.85
2009/4/2,1.876
2009/4/3,1.889
2009/4/7,1.894
2009/4/8,1.816
2009/4/9,1.844
2009/4/10,1.891
2009/4/13,1.938
2009/4/14,1.942
2009/4/15,1.935
2009/4/16,1.933
2009/4/17,1.909
2009/4/20,1.947
2009/4/21,1.916
2009/4/22,1.867
2009/4/23,1.863
2009/4/24,1.848
2009/4/27,1.816
2009/4/28,1.815
2009/4/29,1.887
2009/4/30,1.887
2009/5/4,1.949
2009/5/5,1.953
2009/5/6,1.974
2009/5/7,1.981
2009/5/8,2.019
2009/5/11,1.99
2009/5/12,2.024
2009/5/13,2.043
2009/5/14,2.01
2009/5/15,2.014
2009/5/18,2.025
2009/5/19,2.048
2009/5/20,2.02
2009/5/21,1.969
2009/5/22,1.968
2009/5/25,1.975
2009/5/26,1.943
2009/5/27,1.99
2009/6/1,2.077
2009/6/2,2.073
2009/6/3,2.155
2009/6/4,2.169
2009/6/5,2.161
2009/6/8,2.181
2009/6/9,2.197
2009/6/10,2.214
2009/6/11,2.203
2009/6/12,2.162
2009/6/15,2.219
2009/6/16,2.204
2009/6/17,2.233
2009/6/18,2.281
2009/6/19,2.312
2009/6/22,2.316
2009/6/23,2.326
2009/6/24,2.332
2009/6/25,2.33
2009/6/26,2.336
2009/6/29,2.392
2009/6/30,2.379
2009/7/1,2.442
2009/7/2,2.482
2009/7/3,2.511
2009/7/6,2.55
2009/7/7,2.513
2009/7/8,2.497
2009/7/9,2.531
2009/7/10,2.515
2009/7/13,2.468
2009/7/14,2.551
2009/7/15,2.576
2009/7/16,2.598
2009/7/17,2.611
2009/7/20,2.661
2009/7/21,2.621
2009/7/22,2.681
2009/7/23,2.716
2009/7/24,2.745
2009/7/27,2.809
2009/7/28,2.795
2009/7/29,2.663
2009/7/30,2.752
2009/7/31,2.819
2009/8/3,2.838
2009/8/4,2.812
2009/8/5,2.763
2009/8/6,2.7
2009/8/7,2.637
2009/8/10,2.618
2009/8/11,2.619
2009/8/12,2.493
2009/8/13,2.532
2009/8/14,2.476
2009/8/17,2.339
2009/8/18,2.348
2009/8/19,2.24
2009/8/20,2.344
2009/8/21,2.373
2009/8/24,2.376
2009/8/25,2.27
2009/8/26,2.305
2009/8/27,2.285
2009/8/28,2.206
2009/8/31,2.045
2009/9/1,2.089
2009/9/2,2.135
2009/9/3,2.247
2009/9/4,2.247
2009/9/7,2.259
2009/9/8,2.307
2009/9/9,2.31
2009/9/10,2.286
2009/9/11,2.361
2009/9/14,2.385
2009/9/15,2.385
2009/9/16,2.342
2009/9/17,2.387
2009/9/18,2.3
2009/9/21,2.301
2009/9/22,2.242
2009/9/23,2.213
2009/9/24,2.241
2009/9/25,2.237
2009/9/28,2.175
2009/9/29,2.188
2009/9/30,2.213
2009/10/9,2.325
2009/10/12,2.304
2009/10/13,2.345
2009/10/14,2.358
2009/10/15,2.372
2009/10/16,2.37
2009/10/19,2.429
2009/10/20,2.46
2009/10/21,2.457
2009/10/22,2.435
2009/10/23,2.483
2009/10/26,2.489
2009/10/27,2.418
2009/10/28,2.411
2009/10/29,2.352
2009/10/30,2.379
2009/11/2,2.468
2009/11/3,2.492
2009/11/4,2.506
2009/11/5,2.512
2009/11/6,2.518
2009/11/9,2.525
2009/11/10,2.533
2009/11/11,2.517
2009/11/12,2.509
2009/11/13,2.53
2009/11/16,2.608
2009/11/17,2.608
2009/11/18,2.606
2009/11/19,2.607
2009/11/20,2.584
2009/11/23,2.596
2009/11/24,2.531
2009/11/25,2.568
2009/11/26,2.461
2009/11/27,2.395
2009/11/30,2.471
2009/12/1,2.493
2009/12/2,2.516
2009/12/3,2.5
2009/12/4,2.594
2009/12/7,2.596
2009/12/8,2.55
2009/12/9,2.496
2009/12/10,2.513
2009/12/11,2.513
2009/12/14,2.558
2009/12/15,2.525
2009/12/16,2.512
2009/12/17,2.468
2009/12/18,2.43
2009/12/21,2.415
2009/12/22,2.367
2009/12/23,2.374
2009/12/24,2.435
2009/12/25,2.408
2009/12/28,2.451
2009/12/29,2.475
2009/12/30,2.542
2009/12/31,2.559
2010/1/4,2.512
2010/1/5,2.544
2010/1/6,2.512
2010/1/7,2.462
2010/1/8,2.462
2010/1/11,2.473
2010/1/12,2.505
2010/1/13,2.394
2010/1/14,2.416
2010/1/15,2.422
2010/1/18,2.415
2010/1/19,2.431
2010/1/20,2.356
2010/1/21,2.376
2010/1/22,2.377
2010/1/25,2.355
2010/1/26,2.309
2010/1/27,2.262
2010/1/28,2.25
2010/1/29,2.244
2010/2/1,2.208
2010/2/2,2.216
2010/2/3,2.282
2010/2/4,2.265
2010/2/5,2.219
2010/2/8,2.212
2010/2/9,2.228
2010/2/10,2.263
2010/2/11,2.268
2010/2/12,2.287
2010/2/22,2.271
2010/2/23,2.23
2010/2/24,2.252
2010/2/25,2.287
2010/2/26,2.28
2010/3/1,2.318
2010/3/2,2.311
2010/3/3,2.321
2010/3/4,2.269
2010/3/5,2.273
2010/3/8,2.29
2010/3/9,2.306
2010/3/10,2.296
2010/3/11,2.304
2010/3/12,2.278
2010/3/15,2.239
2010/3/16,2.259
2010/3/17,2.306
2010/3/18,2.294
2010/3/19,2.314
2010/3/22,2.315
2010/3/23,2.289
2010/3/24,2.291
2010/3/25,2.257
2010/3/26,2.296
2010/3/29,2.366
2010/3/30,2.37
2010/3/31,2.35
2010/4/1,2.373
2010/4/2,2.375
2010/4/6,2.374
2010/4/7,2.359
2010/4/8,2.321
2010/4/9,2.342
2010/4/12,2.314
2010/4/13,2.362
2010/4/14,2.371
2010/4/15,2.365
2010/4/16,2.33
2010/4/19,2.21
2010/4/20,2.202
2010/4/21,2.233
2010/4/22,2.182
2010/4/23,2.168
2010/4/26,2.15
2010/4/27,2.111
2010/4/28,2.105
2010/4/29,2.098
2010/4/30,2.131
2010/5/4,2.102
2010/5/5,2.107
2010/5/6,2.009
2010/5/7,1.986
2010/5/10,2.013
2010/5/11,1.974
2010/5/12,2.009
2010/5/13,2.047
2010/5/14,2.026
2010/5/17,1.935
2010/5/18,1.977
2010/5/19,1.966
2010/5/20,1.932
2010/5/21,1.952
2010/5/24,2.016
2010/5/25,1.963
2010/5/26,1.964
2010/5/27,1.994
2010/5/28,1.983
2010/5/31,1.94
2010/6/1,1.921
2010/6/2,1.918
2010/6/3,1.907
2010/6/4,1.906
2010/6/7,1.867
2010/6/8,1.859
2010/6/9,1.921
2010/6/10,1.89
2010/6/11,1.897
2010/6/17,1.896
2010/6/18,1.88
2010/6/21,1.948
2010/6/22,1.945
2010/6/23,1.926
2010/6/24,1.937
2010/6/25,1.931
2010/6/28,1.932
2010/6/29,1.853
2010/6/30,1.835
2010/7/1,1.823
2010/7/2,1.837
2010/7/5,1.819
2010/7/6,1.849
2010/7/7,1.85
2010/7/8,1.855
2010/7/9,1.897
2010/7/12,1.908
2010/7/13,1.879
2010/7/14,1.891
2010/7/15,1.861
2010/7/16,1.858
2010/7/19,1.902
2010/7/20,1.936
2010/7/21,1.936
2010/7/22,1.959
2010/7/23,1.971
2010/7/26,1.974
2010/7/27,1.962
2010/7/28,2.018
2010/7/29,2.021
2010/7/30,2.016
2010/8/2,2.049
2010/8/3,2.005
2010/8/4,2.012
2010/8/5,1.983
2010/8/6,2.014
2010/8/9,2.016
2010/8/10,1.966
2010/8/11,1.968
2010/8/12,1.945
2010/8/13,1.961
2010/8/16,2.004
2010/8/17,2.014
2010/8/18,2.005
2010/8/19,2.026
2010/8/20,1.998
2010/8/23,1.993
2010/8/24,1.99
2010/8/25,1.949
2010/8/26,1.944
2010/8/27,1.948
2010/8/30,1.974
2010/8/31,1.955
2010/9/1,1.948
2010/9/2,1.967
2010/9/3,1.959
2010/9/6,2.01
2010/9/7,2.004
2010/9/8,1.988
2010/9/9,1.951
2010/9/10,1.947
2010/9/13,1.956
2010/9/14,1.956
2010/9/15,1.923
2010/9/16,1.893
2010/9/17,1.891
2010/9/20,1.897
2010/9/21,1.898
2010/9/27,1.914
2010/9/28,1.897
2010/9/29,1.903
2010/9/30,1.948
2010/10/8,2.026
2010/10/11,2.101
2010/10/12,2.126
2010/10/13,2.16
2010/10/14,2.189
2010/10/15,2.278
2010/10/18,2.264
2010/10/19,2.307
2010/10/20,2.306
2010/10/21,2.268
2010/10/22,2.256
2010/10/25,2.324
2010/10/26,2.294
2010/10/27,2.246
2010/10/28,2.247
2010/10/29,2.214
2010/11/1,2.268
2010/11/2,2.256
2010/11/3,2.251
2010/11/4,2.279
2010/11/5,2.303
2010/11/8,2.311
2010/11/9,2.278
2010/11/10,2.244
2010/11/11,2.273
2010/11/12,2.15
2010/11/15,2.141
2010/11/16,2.02
2010/11/17,2.001
2010/11/18,2.024
2010/11/19,2.027
2010/11/22,2.005
2010/11/23,1.964
2010/11/24,2.005
2010/11/25,2.035
2010/11/26,2.013
2010/11/29,2.007
2010/11/30,1.977
2010/12/1,1.978
2010/12/2,1.993
2010/12/3,2.001
2010/12/6,2.027
2010/12/7,2.038
2010/12/8,2.013
2010/12/9,1.992
2010/12/10,2.015
2010/12/13,2.07
2010/12/14,2.063
2010/12/15,2.05
2010/12/16,2.031
2010/12/17,2.027
2010/12/20,1.993
2010/12/21,2.044
2010/12/22,2.015
2010/12/23,2.012
2010/12/24,2.007
2010/12/27,1.972
2010/12/28,1.948
2010/12/29,1.948
2010/12/30,1.937
2010/12/31,1.968
2011/1/4,2.009
2011/1/5,1.993
2011/1/6,1.98
2011/1/7,2
2011/1/10,1.973
2011/1/11,1.994
2011/1/12,2.01
2011/1/13,2.008
2011/1/14,1.976
2011/1/17,1.912
2011/1/18,1.92
2011/1/19,1.948
2011/1/20,1.893
2011/1/21,1.918
2011/1/24,1.905
2011/1/25,1.907
2011/1/26,1.923
2011/1/27,1.943
2011/1/28,1.938
2011/1/31,1.956
2011/2/1,1.964
2011/2/9,1.936
2011/2/10,1.969
2011/2/11,1.968
2011/2/14,2.041
2011/2/15,2.038
2011/2/16,2.043
2011/2/17,2.04
2011/2/18,2.023
2011/2/21,2.041
2011/2/22,1.986
2011/2/23,1.986
2011/2/24,1.993
2011/2/25,1.997
2011/2/28,2.01
2011/3/1,2.024
2011/3/2,2.031
2011/3/3,2.042
2011/3/4,2.074
2011/3/7,2.114
2011/3/8,2.111
2011/3/9,2.109
2011/3/10,2.064
2011/3/11,2.038
2011/3/14,2.042
2011/3/15,2.008
2011/3/16,2.039
2011/3/17,2.013
2011/3/18,2.025
2011/3/21,2.026
2011/3/22,2.046
2011/3/23,2.072
2011/3/24,2.056
2011/3/25,2.089
2011/3/28,2.092
2011/3/29,2.086
2011/3/30,2.091
2011/3/31,2.074
2011/4/1,2.117
2011/4/6,2.163
2011/4/7,2.162
2011/4/8,2.175
2011/4/11,2.164
2011/4/12,2.151
2011/4/13,2.19
2011/4/14,2.176
2011/4/15,2.189
2011/4/18,2.188
2011/4/19,2.14
2011/4/20,2.133
2011/4/21,2.148
2011/4/22,2.142
2011/4/25,2.116
2011/4/26,2.109
2011/4/27,2.103
2011/4/28,2.108
2011/4/29,2.103
2011/5/3,2.102
2011/5/4,2.042
2011/5/5,2.037
2011/5/6,2.025
2011/5/9,2.023
2011/5/10,2.044
2011/5/11,2.037
2011/5/12,2.008
2011/5/13,2.031
2011/5/16,2.005
2011/5/17,2.022
2011/5/18,2.041
2011/5/19,2.033
2011/5/20,2.039
2011/5/23,1.981
2011/5/24,1.982
2011/5/25,1.961
2011/5/26,1.965
2011/5/27,1.968
2011/5/30,1.97
2011/5/31,1.998
2011/6/1,1.99
2011/6/2,1.951
2011/6/3,1.966
2011/6/7,1.973
2011/6/8,1.971
2011/6/9,1.942
2011/6/10,1.947
2011/6/13,1.941
2011/6/14,1.966
2011/6/15,1.953
2011/6/16,1.93
2011/6/17,1.917
2011/6/20,1.909
2011/6/21,1.925
2011/6/22,1.924
2011/6/23,1.956
2011/6/24,2.001
2011/6/27,1.997
2011/6/28,1.997
2011/6/29,1.964
2011/6/30,1.998
2011/7/1,1.995
2011/7/4,2.048
2011/7/5,2.039
2011/7/6,2.026
2011/7/7,2.018
2011/7/8,2.027
2011/7/11,2.021
2011/7/12,1.98
2011/7/13,2.009
2011/7/14,2.016
2011/7/15,2.021
2011/7/18,2.014
2011/7/19,2
2011/7/20,1.995
2011/7/21,1.973
2011/7/22,1.976
2011/7/25,1.923
2011/7/26,1.927
2011/7/27,1.931
2011/7/28,1.913
2011/7/29,1.925
2011/8/1,1.926
2011/8/2,1.909
2011/8/3,1.907
2011/8/4,1.908
2011/8/5,1.868
2011/8/8,1.809
2011/8/9,1.817
2011/8/10,1.829
2011/8/11,1.854
2011/8/12,1.848
2011/8/15,1.889
2011/8/16,1.875
2011/8/17,1.868
2011/8/18,1.835
2011/8/19,1.82
2011/8/22,1.803
2011/8/23,1.835
2011/8/24,1.821
2011/8/25,1.892
2011/8/26,1.888
2011/8/29,1.851
2011/8/30,1.846
2011/8/31,1.855
2011/9/1,1.853
2011/9/2,1.834
2011/9/5,1.804
2011/9/6,1.795
2011/9/7,1.827
2011/9/8,1.815
2011/9/9,1.814
2011/9/13,1.797
2011/9/14,1.8
2011/9/15,1.793
2011/9/16,1.797
2011/9/19,1.766
2011/9/20,1.773
2011/9/21,1.822
2011/9/22,1.769
2011/9/23,1.755
2011/9/26,1.704
2011/9/27,1.727
2011/9/28,1.71
2011/9/29,1.707
2011/9/30,1.703
2011/10/10,1.686
2011/10/11,1.689
2011/10/12,1.755
2011/10/13,1.76
2011/10/14,1.761
2011/10/17,1.775
2011/10/18,1.723
2011/10/19,1.724
2011/10/20,1.687
2011/10/21,1.692
2011/10/24,1.743
2011/10/25,1.768
2011/10/26,1.78
2011/10/27,1.787
2011/10/28,1.824
2011/10/31,1.805
2011/11/1,1.811
2011/11/2,1.843
2011/11/3,1.833
2011/11/4,1.848
2011/11/7,1.823
2011/11/8,1.826
2011/11/9,1.838
2011/11/10,1.798
2011/11/11,1.795
2011/11/14,1.829
2011/11/15,1.819
2011/11/16,1.769
2011/11/17,1.762
2011/11/18,1.735
2011/11/21,1.735
2011/11/22,1.735
2011/11/23,1.717
2011/11/24,1.718
2011/11/25,1.704
2011/11/28,1.71
2011/11/29,1.728
2011/11/30,1.676
2011/12/1,1.727
2011/12/2,1.717
2011/12/5,1.709
2011/12/6,1.704
2011/12/7,1.717
2011/12/8,1.716
2011/12/9,1.708
2011/12/12,1.696
2011/12/13,1.662
2011/12/14,1.653
2011/12/15,1.613
2011/12/16,1.641
2011/12/19,1.637
2011/12/20,1.638
2011/12/21,1.617
2011/12/22,1.62
2011/12/23,1.632
2011/12/26,1.616
2011/12/27,1.606
2011/12/28,1.607
2011/12/29,1.609
2011/12/30,1.629
2012/1/4,1.61
2012/1/5,1.611
2012/1/6,1.621
2012/1/9,1.677
2012/1/10,1.721
2012/1/11,1.711
2012/1/12,1.717
2012/1/13,1.7
2012/1/16,1.677
2012/1/17,1.757
2012/1/18,1.729
2012/1/19,1.768
2012/1/20,1.794
2012/1/30,1.762
2012/1/31,1.758
2012/2/1,1.728
2012/2/2,1.777
2012/2/3,1.785
2012/2/6,1.782
2012/2/7,1.746
2012/2/8,1.799
2012/2/9,1.792
2012/2/10,1.793
2012/2/13,1.782
2012/2/14,1.772
2012/2/15,1.787
2012/2/16,1.775
2012/2/17,1.78
2012/2/20,1.784
2012/2/21,1.793
2012/2/22,1.808
2012/2/23,1.812
2012/2/24,1.841
2012/2/27,1.844
2012/2/28,1.855
2012/2/29,1.836
2012/3/1,1.834
2012/3/2,1.856
2012/3/5,1.844
2012/3/6,1.809
2012/3/7,1.79
2012/3/8,1.81
2012/3/9,1.823
2012/3/12,1.808
2012/3/13,1.825
2012/3/14,1.792
2012/3/15,1.777
2012/3/16,1.79
2012/3/19,1.791
2012/3/20,1.766
2012/3/21,1.771
2012/3/22,1.774
2012/3/23,1.759
2012/3/26,1.763
2012/3/27,1.763
2012/3/28,1.725
2012/3/29,1.704
2012/3/30,1.719
2012/4/5,1.745
2012/4/6,1.749
2012/4/9,1.735
2012/4/10,1.747
2012/4/11,1.745
2012/4/12,1.783
2012/4/13,1.789
2012/4/16,1.78
2012/4/17,1.76
2012/4/18,1.8
2012/4/19,1.799
2012/4/20,1.826
2012/4/23,1.812
2012/4/24,1.819
2012/4/25,1.828
2012/4/26,1.833
2012/4/27,1.835
2012/5/2,1.877
2012/5/3,1.877
2012/5/4,1.886
2012/5/7,1.877
2012/5/8,1.872
2012/5/9,1.842
2012/5/10,1.841
2012/5/11,1.829
2012/5/14,1.814
2012/5/15,1.811
2012/5/16,1.775
2012/5/17,1.803
2012/5/18,1.778
2012/5/21,1.786
2012/5/22,1.813
2012/5/23,1.803
2012/5/24,1.793
2012/5/25,1.777
2012/5/28,1.803
2012/5/29,1.829
2012/5/30,1.817
2012/5/31,1.808
2012/6/1,1.812
2012/6/4,1.767
2012/6/5,1.767
2012/6/6,1.772
2012/6/7,1.766
2012/6/8,1.749
2012/6/11,1.768
2012/6/12,1.757
2012/6/13,1.783
2012/6/14,1.773
2012/6/15,1.79
2012/6/18,1.791
2012/6/19,1.783
2012/6/20,1.786
2012/6/21,1.757
2012/6/25,1.723
2012/6/26,1.729
2012/6/27,1.723
2012/6/28,1.713
2012/6/29,1.735
2012/7/2,1.732
2012/7/3,1.737
2012/7/4,1.738
2012/7/5,1.724
2012/7/6,1.741
2012/7/9,1.699
2012/7/10,1.697
2012/7/11,1.703
2012/7/12,1.712
2012/7/13,1.716
2012/7/16,1.693
2012/7/17,1.701
2012/7/18,1.696
2012/7/19,1.706
2012/7/20,1.693
2012/7/23,1.664
2012/7/24,1.666
2012/7/25,1.662
2012/7/26,1.66
2012/7/27,1.667
2012/7/30,1.664
2012/7/31,1.67
2012/8/1,1.679
2012/8/2,1.673
2012/8/3,1.678
2012/8/6,1.692
2012/8/7,1.692
2012/8/8,1.698
2012/8/9,1.708
2012/8/10,1.702
2012/8/13,1.671
2012/8/14,1.667
2012/8/15,1.646
2012/8/16,1.643
2012/8/17,1.643
2012/8/20,1.63
2012/8/21,1.634
2012/8/22,1.625
2012/8/23,1.632
2012/8/24,1.625
2012/8/27,1.593
2012/8/28,1.605
2012/8/29,1.59
2012/8/30,1.592
2012/8/31,1.592
2012/9/3,1.597
2012/9/4,1.584
2012/9/5,1.573
2012/9/6,1.587
2012/9/7,1.661
2012/9/10,1.66
2012/9/11,1.647
2012/9/12,1.648
2012/9/13,1.637
2012/9/14,1.652
2012/9/17,1.623
2012/9/18,1.605
2012/9/19,1.606
2012/9/20,1.58
2012/9/21,1.584
2012/9/24,1.59
2012/9/25,1.591
2012/9/26,1.579
2012/9/27,1.621
2012/9/28,1.652
2012/10/8,1.635
2012/10/9,1.666
2012/10/10,1.663
2012/10/11,1.655
2012/10/12,1.655
2012/10/15,1.65
2012/10/16,1.651
2012/10/17,1.656
2012/10/18,1.678
2012/10/19,1.677
2012/10/22,1.683
2012/10/23,1.666
2012/10/24,1.663
2012/10/25,1.651
2012/10/26,1.619
2012/10/29,1.607
2012/10/30,1.611
2012/10/31,1.625
2012/11/1,1.655
2012/11/2,1.664
2012/11/5,1.66
2012/11/6,1.655
2012/11/7,1.655
2012/11/8,1.629
2012/11/9,1.627
2012/11/12,1.636
2012/11/13,1.577
2012/11/14,1.583
2012/11/15,1.564
2012/11/16,1.55
2012/11/19,1.548
2012/11/20,1.54
2012/11/21,1.561
2012/11/22,1.556
2012/11/23,1.566
2012/11/26,1.562
2012/11/27,1.553
2012/11/28,1.542
2012/11/29,1.536
2012/11/30,1.544
2012/12/3,1.533
2012/12/4,1.547
2012/12/5,1.599
2012/12/6,1.599
2012/12/7,1.633
2012/12/10,1.65
2012/12/11,1.644
2012/12/12,1.657
2012/12/13,1.638
2012/12/14,1.725
2012/12/17,1.736
2012/12/18,1.741
2012/12/19,1.74
2012/12/20,1.748
2012/12/21,1.735
2012/12/24,1.747
2012/12/25,1.793
2012/12/26,1.799
2012/12/27,1.786
2012/12/28,1.814
2012/12/31,1.854
2013/1/4,1.867
2013/1/7,1.876
2013/1/8,1.853
2013/1/9,1.848
2013/1/10,1.849
2013/1/11,1.817
2013/1/14,1.886
2013/1/15,1.893
2013/1/16,1.871
2013/1/17,1.852
2013/1/18,1.882
2013/1/21,1.892
2013/1/22,1.893
2013/1/23,1.901
2013/1/24,1.895
2013/1/25,1.885
2013/1/28,1.949
2013/1/29,1.975
2013/1/30,1.981
2013/1/31,1.987
2013/2/1,2.048
2013/2/4,2.055
2013/2/5,2.059
2013/2/6,2.072
2013/2/7,2.046
2013/2/8,2.035
2013/2/18,2.011
2013/2/19,1.978
2013/2/20,1.973
2013/2/21,1.893
2013/2/22,1.88
2013/2/25,1.888
2013/2/26,1.862
2013/2/27,1.885
2013/2/28,1.952
2013/3/1,1.944
2013/3/4,1.841
2013/3/5,1.913
2013/3/6,1.932
2013/3/7,1.899
2013/3/8,1.9
2013/3/11,1.879
2013/3/12,1.853
2013/3/13,1.834
2013/3/14,1.839
2013/3/15,1.845
2013/3/18,1.812
2013/3/19,1.83
2013/3/20,1.903
2013/3/21,1.901
2013/3/22,1.903
2013/3/25,1.901
2013/3/26,1.86
2013/3/27,1.865
2013/3/28,1.788
2013/3/29,1.788
2013/4/1,1.783
2013/4/2,1.786
2013/4/3,1.788
2013/4/8,1.77
2013/4/9,1.787
2013/4/10,1.788
2013/4/11,1.787
2013/4/12,1.776
2013/4/15,1.762
2013/4/16,1.77
2013/4/17,1.761
2013/4/18,1.766
2013/4/19,1.826
2013/4/22,1.823
2013/4/23,1.763
2013/4/24,1.79
2013/4/25,1.777
2013/4/26,1.765
2013/5/2,1.765
2013/5/3,1.796
2013/5/6,1.813
2013/5/7,1.817
2013/5/8,1.822
2013/5/9,1.808
2013/5/10,1.819
2013/5/13,1.809
2013/5/14,1.785
2013/5/15,1.786
2013/5/16,1.819
2013/5/17,1.843
2013/5/20,1.861
2013/5/21,1.852
2013/5/22,1.856
2013/5/23,1.823
2013/5/24,1.829
2013/5/27,1.825
2013/5/28,1.871
2013/5/29,1.861
2013/5/30,1.855
2013/5/31,1.84
2013/6/3,1.844
2013/6/4,1.826
2013/6/5,1.813
2013/6/6,1.794
2013/6/7,1.77
2013/6/13,1.725
2013/6/14,1.726
2013/6/17,1.711
2013/6/18,1.722
2013/6/19,1.707
2013/6/20,1.653
2013/6/21,1.65
2013/6/24,1.545
2013/6/25,1.55
2013/6/26,1.529
2013/6/27,1.535
2013/6/28,1.58
2013/7/1,1.575
2013/7/2,1.568
2013/7/3,1.554
2013/7/4,1.566
2013/7/5,1.574
2013/7/8,1.545
2013/7/9,1.541
2013/7/10,1.584
2013/7/11,1.684
2013/7/12,1.632
2013/7/15,1.648
2013/7/16,1.648
2013/7/17,1.627
2013/7/18,1.593
2013/7/19,1.555
2013/7/22,1.557
2013/7/23,1.6
2013/7/24,1.58
2013/7/25,1.579
2013/7/26,1.57
2013/7/29,1.532
2013/7/30,1.549
2013/7/31,1.551
2013/8/1,1.588
2013/8/2,1.586
2013/8/5,1.603
2013/8/6,1.605
2013/8/7,1.598
2013/8/8,1.595
2013/8/9,1.604
2013/8/12,1.663
2013/8/13,1.67
2013/8/14,1.663
2013/8/15,1.646
2013/8/16,1.646
2013/8/19,1.657
2013/8/20,1.646
2013/8/21,1.639
2013/8/22,1.634
2013/8/23,1.618
2013/8/26,1.655
2013/8/27,1.653
2013/8/28,1.647
2013/8/29,1.641
2013/8/30,1.645
2013/9/2,1.648
2013/9/3,1.668
2013/9/4,1.67
2013/9/5,1.665
2013/9/6,1.683
2013/9/9,1.772
2013/9/10,1.799
2013/9/11,1.803
2013/9/12,1.833
2013/9/13,1.811
2013/9/16,1.797
2013/9/17,1.757
2013/9/18,1.759
2013/9/23,1.769
2013/9/24,1.731
2013/9/25,1.717
2013/9/26,1.689
2013/9/27,1.695
2013/9/30,1.697
2013/10/8,1.717
2013/10/9,1.723
2013/10/10,1.694
2013/10/11,1.725
2013/10/14,1.718
2013/10/15,1.71
2013/10/16,1.689
2013/10/17,1.681
2013/10/18,1.693
2013/10/21,1.714
2013/10/22,1.694
2013/10/23,1.693
2013/10/24,1.674
2013/10/25,1.663
2013/10/28,1.665
2013/10/29,1.686
2013/10/30,1.708
2013/10/31,1.685
2013/11/1,1.7
2013/11/4,1.693
2013/11/5,1.687
2013/11/6,1.669
2013/11/7,1.664
2013/11/8,1.639
2013/11/11,1.641
2013/11/12,1.663
2013/11/13,1.621
2013/11/14,1.622
2013/11/15,1.6
2013/11/18,1.675
2013/11/19,1.656
2013/11/20,1.66
2013/11/21,1.644
2013/11/22,1.639
2013/11/25,1.63
2013/11/26,1.627
2013/11/27,1.643
2013/11/28,1.659
2013/11/29,1.656
2013/12/2,1.675
2013/12/3,1.676
2013/12/4,1.696
2013/12/5,1.69
2013/12/6,1.672
2013/12/9,1.666
2013/12/10,1.668
2013/12/11,1.639
2013/12/12,1.629
2013/12/13,1.627
2013/12/16,1.603
2013/12/17,1.595
2013/12/18,1.599
2013/12/19,1.581
2013/12/20,1.543
2013/12/23,1.542
2013/12/24,1.54
2013/12/25,1.546
2013/12/26,1.527
2013/12/27,1.549
2013/12/30,1.548
2013/12/31,1.571
2014/1/2,1.558
2014/1/3,1.535
2014/1/6,1.513
2014/1/7,1.512
2014/1/8,1.513
2014/1/9,1.503
2014/1/10,1.497
2014/1/13,1.491
2014/1/14,1.495
2014/1/15,1.487
2014/1/16,1.49
2014/1/17,1.473
2014/1/20,1.465
2014/1/21,1.474
2014/1/22,1.513
2014/1/23,1.499
2014/1/24,1.499
2014/1/27,1.478
2014/1/28,1.486
2014/1/29,1.492
2014/1/30,1.475
2014/2/7,1.472
2014/2/10,1.501
2014/2/11,1.526
2014/2/12,1.522
2014/2/13,1.527
2014/2/14,1.53
2014/2/17,1.534
2014/2/18,1.506
2014/2/19,1.529
2014/2/20,1.518
2014/2/21,1.502
2014/2/24,1.467
2014/2/25,1.44
2014/2/26,1.44
2014/2/27,1.451
2014/2/28,1.461
2014/3/3,1.458
2014/3/4,1.459
2014/3/5,1.444
2014/3/6,1.456
2014/3/7,1.452
2014/3/10,1.408
2014/3/11,1.41
2014/3/12,1.414
2014/3/13,1.434
2014/3/14,1.422
2014/3/17,1.434
2014/3/18,1.425
2014/3/19,1.419
2014/3/20,1.408
2014/3/21,1.463
2014/3/24,1.476
2014/3/25,1.465
2014/3/26,1.463
2014/3/27,1.464
2014/3/28,1.471
2014/3/31,1.464
2014/4/1,1.469
2014/4/2,1.488
2014/4/3,1.475
2014/4/4,1.488
2014/4/8,1.532
2014/4/9,1.528
2014/4/10,1.567
2014/4/11,1.561
2014/4/14,1.552
2014/4/15,1.522
2014/4/16,1.522
2014/4/17,1.516
2014/4/18,1.515
2014/4/21,1.489
2014/4/22,1.505
2014/4/23,1.505
2014/4/24,1.509
2014/4/25,1.5
2014/4/28,1.483
2014/4/29,1.493
2014/4/30,1.492
2014/5/5,1.483
2014/5/6,1.481
2014/5/7,1.473
2014/5/8,1.476
2014/5/9,1.476
2014/5/12,1.503
2014/5/13,1.496
2014/5/14,1.498
2014/5/15,1.484
2014/5/16,1.481
2014/5/19,1.457
2014/5/20,1.455
2014/5/21,1.469
2014/5/22,1.466
2014/5/23,1.48
2014/5/26,1.482
2014/5/27,1.478
2014/5/28,1.488
2014/5/29,1.482
2014/5/30,1.477
2014/6/3,1.473
2014/6/4,1.464
2014/6/5,1.481
2014/6/6,1.469
2014/6/9,1.472
2014/6/10,1.49
2014/6/11,1.484
2014/6/12,1.481
2014/6/13,1.5
2014/6/16,1.516
2014/6/17,1.502
2014/6/18,1.496
2014/6/19,1.478
2014/6/20,1.485
2014/6/23,1.48
2014/6/24,1.489
2014/6/25,1.482
2014/6/26,1.49
2014/6/27,1.486
2014/6/30,1.497
2014/7/1,1.493
2014/7/2,1.501
2014/7/3,1.505
2014/7/4,1.51
2014/7/7,1.511
2014/7/8,1.508
2014/7/9,1.492
2014/7/10,1.491
2014/7/11,1.498
2014/7/14,1.511
2014/7/15,1.513
2014/7/16,1.512
2014/7/17,1.507
2014/7/18,1.516
2014/7/21,1.515
2014/7/22,1.533
2014/7/23,1.545
2014/7/24,1.58
2014/7/25,1.596
2014/7/28,1.647
2014/7/29,1.65
2014/7/30,1.642
2014/7/31,1.666
2014/8/1,1.649
2014/8/4,1.685
2014/8/5,1.672
2014/8/6,1.658
2014/8/7,1.633
2014/8/8,1.637
2014/8/11,1.659
2014/8/12,1.647
2014/8/13,1.651
2014/8/14,1.637
2014/8/15,1.653
2014/8/18,1.654
2014/8/19,1.649
2014/8/20,1.645
2014/8/21,1.629
2014/8/22,1.635
2014/8/25,1.62
2014/8/26,1.617
2014/8/27,1.615
2014/8/28,1.612
2014/8/29,1.623
2014/9/1,1.626
2014/9/2,1.649
2014/9/3,1.667
2014/9/4,1.679
2014/9/5,1.699
2014/9/9,1.685
2014/9/10,1.671
2014/9/11,1.666
2014/9/12,1.675
2014/9/15,1.669
2014/9/16,1.644
2014/9/17,1.648
2014/9/18,1.652
2014/9/19,1.665
2014/9/22,1.628
2014/9/23,1.64
2014/9/24,1.672
2014/9/25,1.661
2014/9/26,1.662
2014/9/29,1.667
2014/9/30,1.666
2014/10/8,1.676
2014/10/9,1.677
2014/10/10,1.664
2014/10/13,1.653
2014/10/14,1.643
2014/10/15,1.66
2014/10/16,1.655
2014/10/17,1.65
2014/10/20,1.655
2014/10/21,1.646
2014/10/22,1.644
2014/10/23,1.632
2014/10/24,1.629
2014/10/27,1.604
2014/10/28,1.629
2014/10/29,1.651
2014/10/30,1.663
2014/10/31,1.705
2014/11/3,1.695
2014/11/4,1.69
2014/11/5,1.685
2014/11/6,1.682
2014/11/7,1.687
2014/11/10,1.735
2014/11/11,1.757
2014/11/12,1.776
2014/11/13,1.775
2014/11/14,1.774
2014/11/17,1.709
2014/11/18,1.684
2014/11/19,1.675
2014/11/20,1.678
2014/11/21,1.72
2014/11/24,1.759
2014/11/25,1.774
2014/11/26,1.816
2014/11/27,1.851
2014/11/28,1.912
2014/12/1,1.918
2014/12/2,2.023
2014/12/3,2.033
2014/12/4,2.179
2014/12/5,2.196
2014/12/8,2.312
2014/12/9,2.169
2014/12/10,2.239
2014/12/11,2.182
2014/12/12,2.182
2014/12/15,2.184
2014/12/16,2.281
2014/12/17,2.356
2014/12/18,2.338
2014/12/19,2.368
2014/12/22,2.405
2014/12/23,2.353
2014/12/24,2.256
2014/12/25,2.344
2014/12/26,2.452
2014/12/29,2.459
2014/12/30,2.492
2014/12/31,2.552
2015/1/5,2.622
2015/1/6,2.592
2015/1/7,2.588
2015/1/8,2.518
2015/1/9,2.524
2015/1/12,2.5
2015/1/13,2.485
2015/1/14,2.494
2015/1/15,2.586
2015/1/16,2.604
2015/1/19,2.344
2015/1/20,2.361
2015/1/21,2.503
2015/1/22,2.499
2015/1/23,2.524
2015/1/26,2.519
2015/1/27,2.478
2015/1/28,2.442
2015/1/29,2.4
2015/1/30,2.367
2015/2/2,2.299
2015/2/3,2.367
2015/2/4,2.334
2015/2/5,2.316
2015/2/6,2.291
2015/2/9,2.331
2015/2/10,2.369
2015/2/11,2.38
2015/2/12,2.384
2015/2/13,2.39
2015/2/16,2.394
2015/2/17,2.411
2015/2/25,2.37
2015/2/26,2.45
2015/2/27,2.438
2015/3/2,2.441
2015/3/3,2.364
2015/3/4,2.362
2015/3/5,2.334
2015/3/6,2.339
2015/3/9,2.397
2015/3/10,2.359
2015/3/11,2.374
2015/3/12,2.448
2015/3/13,2.455
2015/3/16,2.51
2015/3/17,2.543
2015/3/18,2.611
2015/3/19,2.587
2015/3/20,2.635
2015/3/23,2.676
2015/3/24,2.638
2015/3/25,2.604
2015/3/26,2.643
2015/3/27,2.649
2015/3/30,2.74
2015/3/31,2.707
2015/4/1,2.753
2015/4/2,2.739
2015/4/3,2.773
2015/4/7,2.842
2015/4/8,2.898
2015/4/9,2.877
2015/4/10,2.936
2015/4/13,2.991
2015/4/14,2.999
2015/4/15,3.011
2015/4/16,3.145
2015/4/17,3.185
2015/4/20,3.103
2015/4/21,3.141
2015/4/22,3.241
2015/4/23,3.212
2015/4/24,3.171
2015/4/27,3.255
2015/4/28,3.228
2015/4/29,3.22
2015/4/30,3.198
2015/5/4,3.211
2015/5/5,3.096
2015/5/6,3.083
2015/5/7,3.045
2015/5/8,3.055
2015/5/11,3.11
2015/5/12,3.129
2015/5/13,3.084
2015/5/14,3.073
2015/5/15,3.006
2015/5/18,2.946
2015/5/19,3.066
2015/5/20,3.066
2015/5/21,3.104
2015/5/22,3.199
2015/5/25,3.303
2015/5/26,3.32
2015/5/27,3.285
2015/5/28,3.079
2015/5/29,3.066
2015/6/1,3.198
2015/6/2,3.209
2015/6/3,3.191
2015/6/4,3.259
2015/6/5,3.254
2015/6/8,3.427
2015/6/9,3.361
2015/6/10,3.32
2015/6/11,3.3
2015/6/12,3.313
2015/6/15,3.216
2015/6/16,3.148
2015/6/17,3.175
2015/6/18,3.042
2015/6/19,2.874
2015/6/23,2.976
2015/6/24,3.018
2015/6/25,2.919
2015/6/26,2.686
2015/6/29,2.66
2015/6/30,2.851
2015/7/1,2.728
2015/7/2,2.684
2015/7/3,2.579
2015/7/6,2.742
2015/7/7,2.79
2015/7/8,2.604
2015/7/9,2.792
2015/7/10,2.905
2015/7/13,2.862
2015/7/14,2.762
2015/7/15,2.749
2015/7/16,2.74
2015/7/17,2.803
2015/7/20,2.777
2015/7/21,2.768
2015/7/22,2.737
2015/7/23,2.794
2015/7/24,2.745
2015/7/27,2.494
2015/7/28,2.484
2015/7/29,2.534
2015/7/30,2.469
2015/7/31,2.462
2015/8/3,2.478
2015/8/4,2.54
2015/8/5,2.491
2015/8/6,2.471
2015/8/7,2.504
2015/8/10,2.616
2015/8/11,2.59
2015/8/12,2.564
2015/8/13,2.576
2015/8/14,2.575
2015/8/17,2.548
2015/8/18,2.41
2015/8/19,2.427
2015/8/20,2.361
2015/8/21,2.274
2015/8/24,2.047
2015/8/25,1.886
2015/8/26,1.946
2015/8/27,2.11
2015/8/28,2.168
2015/8/31,2.209
2015/9/1,2.228
2015/9/2,2.236
2015/9/7,2.14
2015/9/8,2.177
2015/9/9,2.209
2015/9/10,2.206
2015/9/11,2.193
2015/9/14,2.223
2015/9/15,2.167
2015/9/16,2.242
2015/9/17,2.198
2015/9/18,2.198
2015/9/21,2.212
2015/9/22,2.237
2015/9/23,2.18
2015/9/24,2.187
2015/9/25,2.171
2015/9/28,2.174
2015/9/29,2.127
2015/9/30,2.147
2015/10/8,2.196
2015/10/9,2.221
2015/10/12,2.288
2015/10/13,2.279
2015/10/14,2.258
2015/10/15,2.304
2015/10/16,2.322
2015/10/19,2.32
2015/10/20,2.341
2015/10/21,2.32
2015/10/22,2.333
2015/10/23,2.35
2015/10/26,2.35
2015/10/27,2.348
2015/10/28,2.308
2015/10/29,2.311
2015/10/30,2.31
2015/11/2,2.283
2015/11/3,2.272
2015/11/4,2.386
2015/11/5,2.445
2015/11/6,2.499
2015/11/9,2.532
2015/11/10,2.521
2015/11/11,2.504
2015/11/12,2.47
2015/11/13,2.444
2015/11/16,2.449
2015/11/17,2.45
2015/11/18,2.438
2015/11/19,2.471
2015/11/20,2.459
2015/11/23,2.45
2015/11/24,2.444
2015/11/25,2.454
2015/11/26,2.447
2015/11/27,2.318
2015/11/30,2.329
2015/12/1,2.339
2015/12/2,2.462
2015/12/3,2.46
2015/12/4,2.398
2015/12/7,2.39
2015/12/8,2.366
2015/12/9,2.369
2015/12/10,2.355
2015/12/11,2.344
2015/12/14,2.415
2015/12/15,2.382
2015/12/16,2.372
2015/12/17,2.401
2015/12/18,2.422
2015/12/21,2.499
2015/12/22,2.49
2015/12/23,2.499
2015/12/24,2.478
2015/12/25,2.486
2015/12/28,2.412
2015/12/29,2.432
2015/12/30,2.424
2015/12/31,2.416
2016/1/4,2.278
2016/1/5,2.286
2016/1/6,2.317
2016/1/7,2.177
2016/1/8,2.219
2016/1/11,2.125
2016/1/12,2.131
2016/1/13,2.112
2016/1/14,2.131
2016/1/15,2.07
2016/1/18,2.07
2016/1/19,2.13
2016/1/20,2.091
2016/1/21,2.043
2016/1/22,2.067
2016/1/25,2.065
2016/1/26,1.958
2016/1/27,1.957
2016/1/28,1.915
2016/1/29,1.975
2016/2/1,1.942
2016/2/2,1.975
2016/2/3,1.953
2016/2/4,1.978
2016/2/5,1.968
2016/2/15,1.949
2016/2/16,2.001
2016/2/17,2.013
2016/2/18,2.011
2016/2/19,2.006
2016/2/22,2.054
2016/2/23,2.03
2016/2/24,2.039
2016/2/25,1.936
2016/2/26,1.956
2016/2/29,1.937
2016/3/1,1.971
2016/3/2,2.049
2016/3/3,2.053
2016/3/4,2.122
2016/3/7,2.111
2016/3/8,2.115
2016/3/9,2.107
2016/3/10,2.059
2016/3/11,2.066
2016/3/14,2.076
2016/3/15,2.098
2016/3/16,2.135
2016/3/17,2.132
2016/3/18,2.14
2016/3/21,2.192
2016/3/22,2.169
2016/3/23,2.171
2016/3/24,2.14
2016/3/25,2.145
2016/3/28,2.121
2016/3/29,2.104
2016/3/30,2.158
2016/3/31,2.156
2016/4/1,2.165
2016/4/5,2.175
2016/4/6,2.165
2016/4/7,2.139
2016/4/8,2.124
2016/4/11,2.144
2016/4/12,2.142
2016/4/13,2.168
2016/4/14,2.174
2016/4/15,2.178
2016/4/18,2.154
2016/4/19,2.161
2016/4/20,2.148
2016/4/21,2.146
2016/4/22,2.156
2016/4/25,2.145
2016/4/26,2.152
2016/4/27,2.144
2016/4/28,2.142
2016/4/29,2.135
2016/5/3,2.159
2016/5/4,2.153
2016/5/5,2.151
2016/5/6,2.103
2016/5/9,2.071
2016/5/10,2.07
2016/5/11,2.077
2016/5/12,2.083
2016/5/13,2.079
2016/5/16,2.081
2016/5/17,2.077
2016/5/18,2.078
2016/5/19,2.072
2016/5/20,2.083
2016/5/23,2.084
2016/5/24,2.069
2016/5/25,2.074
2016/5/26,2.074
2016/5/27,2.078
2016/5/30,2.089
2016/5/31,2.16
2016/6/1,2.142
2016/6/2,2.14
2016/6/3,2.154
2016/6/6,2.141
2016/6/7,2.143
2016/6/8,2.139
2016/6/13,2.088
2016/6/14,2.101
2016/6/15,2.109
2016/6/16,2.102
2016/6/17,2.109
2016/6/20,2.114
2016/6/21,2.112
2016/6/22,2.124
2016/6/23,2.116
2016/6/24,2.09
2016/6/27,2.111
2016/6/28,2.117
2016/6/29,2.135
2016/6/30,2.136
2016/7/1,2.142
2016/7/4,2.177
2016/7/5,2.185
2016/7/6,2.184
2016/7/7,2.189
2016/7/8,2.177
2016/7/11,2.188
2016/7/12,2.233
2016/7/13,2.236
2016/7/14,2.233
2016/7/15,2.236
2016/7/18,2.228
2016/7/19,2.216
2016/7/20,2.209
2016/7/21,2.22
2016/7/22,2.2
2016/7/25,2.201
2016/7/26,2.227
2016/7/27,2.215
2016/7/28,2.211
2016/7/29,2.201
2016/8/1,2.19
2016/8/2,2.19
2016/8/3,2.188
2016/8/4,2.186
2016/8/5,2.195
2016/8/8,2.204
2016/8/9,2.221
2016/8/10,2.216
2016/8/11,2.223
2016/8/12,2.272
2016/8/15,2.336
2016/8/16,2.306
2016/8/17,2.3
2016/8/18,2.29
2016/8/19,2.301
2016/8/22,2.287
2016/8/23,2.29
2016/8/24,2.28
2016/8/25,2.269
2016/8/26,2.267
2016/8/29,2.265
2016/8/30,2.276
2016/8/31,2.284
2016/9/1,2.268
2016/9/2,2.279
2016/9/5,2.28
2016/9/6,2.286
2016/9/7,2.29
2016/9/8,2.29
2016/9/9,2.28
2016/9/12,2.25
2016/9/13,2.242
2016/9/14,2.229
2016/9/19,2.242
2016/9/20,2.239
2016/9/21,2.243
2016/9/22,2.255
2016/9/23,2.249
2016/9/26,2.222
2016/9/27,2.229
2016/9/28,2.219
2016/9/29,2.23
2016/9/30,2.235
2016/10/10,2.262
2016/10/11,2.265
2016/10/12,2.257
2016/10/13,2.257
2016/10/14,2.266
2016/10/17,2.25
2016/10/18,2.282
2016/10/19,2.279
2016/10/20,2.28
2016/10/21,2.295
2016/10/24,2.324
2016/10/25,2.319
2016/10/26,2.311
2016/10/27,2.305
2016/10/28,2.307
2016/10/31,2.305
2016/11/1,2.316
2016/11/2,2.3
2016/11/3,2.327
2016/11/4,2.324
2016/11/7,2.33
2016/11/8,2.338
2016/11/9,2.32
2016/11/10,2.344
2016/11/11,2.363
2016/11/14,2.374
2016/11/15,2.366
2016/11/16,2.361
2016/11/17,2.369
2016/11/18,2.363
2016/11/21,2.39
2016/11/22,2.408
2016/11/23,2.415
2016/11/24,2.425
2016/11/25,2.451
2016/11/28,2.46
2016/11/29,2.446
2016/11/30,2.419
2016/12/1,2.433
2016/12/2,2.416
2016/12/5,2.373
2016/12/6,2.368
2016/12/7,2.375
2016/12/8,2.38
2016/12/9,2.413
2016/12/12,2.386
2016/12/13,2.371
2016/12/14,2.36
2016/12/15,2.308
2016/12/16,2.301
2016/12/19,2.293
2016/12/20,2.281
2016/12/21,2.298
2016/12/22,2.292
2016/12/23,2.279
2016/12/26,2.298
2016/12/27,2.289
2016/12/28,2.278
2016/12/29,2.278
2016/12/30,2.287
2017/1/3,2.307
2017/1/4,2.325
2017/1/5,2.322
2017/1/6,2.314
2017/1/9,2.319
2017/1/10,2.313
2017/1/11,2.303
2017/1/12,2.296
2017/1/13,2.31
2017/1/16,2.339
2017/1/17,2.329
2017/1/18,2.344
2017/1/19,2.334
2017/1/20,2.349
2017/1/23,2.348
2017/1/24,2.354
2017/1/25,2.357
2017/1/26,2.366
2017/2/3,2.342
2017/2/6,2.343
2017/2/7,2.335
2017/2/8,2.348
2017/2/9,2.354
2017/2/10,2.366
2017/2/13,2.378
2017/2/14,2.37
2017/2/15,2.369
2017/2/16,2.372
2017/2/17,2.361
2017/2/20,2.395
2017/2/21,2.393
2017/2/22,2.396
2017/2/23,2.387
2017/2/24,2.385
2017/2/27,2.367
2017/2/28,2.368
2017/3/1,2.368
2017/3/2,2.353
2017/3/3,2.343
2017/3/6,2.349
2017/3/7,2.354
2017/3/8,2.355
2017/3/9,2.343
2017/3/10,2.335
2017/3/13,2.355
2017/3/14,2.351
2017/3/15,2.354
2017/3/16,2.369
2017/3/17,2.343
2017/3/20,2.347
2017/3/21,2.353
2017/3/22,2.336
2017/3/23,2.344
2017/3/24,2.364
2017/3/27,2.36
2017/3/28,2.354
2017/3/29,2.352
2017/3/30,2.343
2017/3/31,2.356
2017/4/5,2.382
2017/4/6,2.384
2017/4/7,2.384
2017/4/10,2.377
2017/4/11,2.378
2017/4/12,2.374
2017/4/13,2.367
2017/4/14,2.35
2017/4/17,2.353
2017/4/18,2.338
2017/4/19,2.322
2017/4/20,2.331
2017/4/21,2.341
2017/4/24,2.336
2017/4/25,2.342
2017/4/26,2.339
2017/4/27,2.344
2017/4/28,2.34
2017/5/2,2.332
2017/5/3,2.325
2017/5/4,2.32
2017/5/5,2.313
2017/5/8,2.318
2017/5/9,2.315
2017/5/10,2.321
2017/5/11,2.334
2017/5/12,2.37
2017/5/15,2.374
2017/5/16,2.379
2017/5/17,2.358
2017/5/18,2.35
2017/5/19,2.355
2017/5/22,2.373
2017/5/23,2.403
2017/5/24,2.399
2017/5/25,2.47
2017/5/26,2.466
2017/5/31,2.475
2017/6/1,2.49
2017/6/2,2.47
2017/6/5,2.442
2017/6/6,2.457
2017/6/7,2.48
2017/6/8,2.501
2017/6/9,2.517
2017/6/12,2.514
2017/6/13,2.512
2017/6/14,2.482
2017/6/15,2.465
2017/6/16,2.46
2017/6/19,2.497
2017/6/20,2.483
2017/6/21,2.509
2017/6/22,2.524
2017/6/23,2.543
2017/6/26,2.554
2017/6/27,2.564
2017/6/28,2.548
2017/6/29,2.565
2017/6/30,2.558
2017/7/3,2.543
2017/7/4,2.52
2017/7/5,2.563
2017/7/6,2.567
2017/7/7,2.561
2017/7/10,2.575
2017/7/11,2.604
2017/7/12,2.597
2017/7/13,2.638
2017/7/14,2.665
2017/7/17,2.669
2017/7/18,2.659
2017/7/19,2.702
2017/7/20,2.71
2017/7/21,2.68
2017/7/24,2.7
2017/7/25,2.683
2017/7/26,2.677
2017/7/27,2.677
2017/7/28,2.68
2017/7/31,2.682
2017/8/1,2.724
2017/8/2,2.728
2017/8/3,2.689
2017/8/4,2.671
2017/8/7,2.679
2017/8/8,2.682
2017/8/9,2.664
2017/8/10,2.655
2017/8/11,2.613
2017/8/14,2.635
2017/8/15,2.651
2017/8/16,2.64
2017/8/17,2.652
2017/8/18,2.664
2017/8/21,2.663
2017/8/22,2.689
2017/8/23,2.708
2017/8/24,2.698
2017/8/25,2.757
2017/8/28,2.788
2017/8/29,2.789
2017/8/30,2.774
2017/8/31,2.766
2017/9/1,2.76
2017/9/4,2.764
2017/9/5,2.782
2017/9/6,2.764
2017/9/7,2.743
2017/9/8,2.738
2017/9/11,2.73
2017/9/12,2.746
2017/9/13,2.739
2017/9/14,2.722
2017/9/15,2.722
2017/9/18,2.729
2017/9/19,2.72
2017/9/20,2.717
2017/9/21,2.728
2017/9/22,2.729
2017/9/25,2.729
2017/9/26,2.731
2017/9/27,2.711
2017/9/28,2.715
2017/9/29,2.726
2017/10/9,2.75
2017/10/10,2.746
2017/10/11,2.762
2017/10/12,2.773
2017/10/13,2.771
2017/10/16,2.781
2017/10/17,2.779
2017/10/18,2.802
2017/10/19,2.806
2017/10/20,2.79
2017/10/23,2.791
2017/10/24,2.806
2017/10/25,2.802
2017/10/26,2.827
2017/10/27,2.873
2017/10/30,2.861
2017/10/31,2.851
2017/11/1,2.842
2017/11/2,2.847
2017/11/3,2.851
2017/11/6,2.843
2017/11/7,2.875
2017/11/8,2.874
2017/11/9,2.885
2017/11/10,2.918
2017/11/13,2.928
2017/11/14,2.913
2017/11/15,2.901
2017/11/16,2.932
2017/11/17,2.99
2017/11/20,2.996
2017/11/21,3.046
2017/11/22,3.067
2017/11/23,2.991
2017/11/24,2.99
2017/11/27,2.966
2017/11/28,2.896
2017/11/29,2.89
2017/11/30,2.858
2017/12/1,2.838
2017/12/4,2.858
2017/12/5,2.908
2017/12/6,2.871
2017/12/7,2.844
2017/12/8,2.865
2017/12/11,2.898
2017/12/12,2.846
2017/12/13,2.87
2017/12/14,2.85
2017/12/15,2.816
2017/12/18,2.828
2017/12/19,2.87
2017/12/20,2.876
2017/12/21,2.893
2017/12/22,2.878
2017/12/25,2.876
2017/12/26,2.893
2017/12/27,2.834
2017/12/28,2.855
2017/12/29,2.858
2018/1/2,2.907
2018/1/3,2.912
2018/1/4,2.919
2018/1/5,2.933
2018/1/8,2.944
2018/1/9,2.97
2018/1/10,2.994
2018/1/11,2.991
2018/1/12,3.018
2018/1/15,3.043
2018/1/16,3.064
2018/1/17,3.071
2018/1/18,3.106
2018/1/19,3.113
2018/1/22,3.129
2018/1/23,3.173
2018/1/24,3.172
2018/1/25,3.15
2018/1/26,3.171
2018/1/29,3.114
2018/1/30,3.075
2018/1/31,3.113
2018/2/1,3.134
2018/2/2,3.145
2018/2/5,3.18
2018/2/6,3.11
2018/2/7,3.023
2018/2/8,2.939
2018/2/9,2.803
2018/2/12,2.8
2018/2/13,2.848
2018/2/14,2.866
2018/2/22,2.925
2018/2/23,2.955
2018/2/26,2.965
2018/2/27,2.92
2018/2/28,2.871
2018/3/1,2.884
2018/3/2,2.856
2018/3/5,2.855
2018/3/6,2.888
2018/3/7,2.871
2018/3/8,2.893
2018/3/9,2.903
2018/3/12,2.905
2018/3/13,2.873
2018/3/14,2.863
2018/3/15,2.89
2018/3/16,2.862
2018/3/19,2.892
2018/3/20,2.895
2018/3/21,2.884
2018/3/22,2.857
2018/3/23,2.781
2018/3/26,2.734
2018/3/27,2.739
2018/3/28,2.688
2018/3/29,2.734
2018/3/30,2.713
2018/4/2,2.702
2018/4/3,2.693
2018/4/4,2.694
2018/4/9,2.711
2018/4/10,2.775
2018/4/11,2.775
2018/4/12,2.742
2018/4/13,2.717
2018/4/16,2.655
2018/4/17,2.626
2018/4/18,2.643
2018/4/19,2.676
2018/4/20,2.637
2018/4/23,2.658
2018/4/24,2.718
2018/4/25,2.693
2018/4/26,2.655
2018/4/27,2.642
2018/5/2,2.646
2018/5/3,2.654
2018/5/4,2.634
2018/5/7,2.674
2018/5/8,2.714
2018/5/9,2.711
2018/5/10,2.723
2018/5/11,2.716
2018/5/14,2.745
2018/5/15,2.74
2018/5/16,2.705
2018/5/17,2.689
2018/5/18,2.733
2018/5/21,2.736
2018/5/22,2.717
2018/5/23,2.672
2018/5/24,2.655
2018/5/25,2.654
2018/5/28,2.668
2018/5/29,2.655
2018/5/30,2.601
2018/5/31,2.651
2018/6/1,2.643
2018/6/4,2.686
2018/6/5,2.696
2018/6/6,2.686
2018/6/7,2.694
2018/6/8,2.652
2018/6/11,2.663
2018/6/12,2.688
2018/6/13,2.672
2018/6/14,2.675
2018/6/15,2.678
2018/6/19,2.612
2018/6/20,2.61
2018/6/21,2.592
2018/6/22,2.598
2018/6/25,2.548
2018/6/26,2.52
2018/6/27,2.465
2018/6/28,2.441
2018/6/29,2.495
2018/7/2,2.402
2018/7/3,2.41
2018/7/4,2.39
2018/7/5,2.391
2018/7/6,2.425
2018/7/9,2.496
2018/7/10,2.493
2018/7/11,2.454
2018/7/12,2.505
2018/7/13,2.509
2018/7/16,2.49
2018/7/17,2.475
2018/7/18,2.463
2018/7/19,2.474
2018/7/20,2.54
2018/7/23,2.569
2018/7/24,2.61
2018/7/25,2.609
2018/7/26,2.575
2018/7/27,2.575
2018/7/30,2.587
2018/7/31,2.595
2018/8/1,2.537
2018/8/2,2.484
2018/8/3,2.457
2018/8/6,2.455
2018/8/7,2.53
2018/8/8,2.494
2018/8/9,2.551
2018/8/10,2.551
2018/8/13,2.526
2018/8/14,2.518
2018/8/15,2.454
2018/8/16,2.453
2018/8/17,2.42
2018/8/20,2.458
2018/8/21,2.496
2018/8/22,2.499
2018/8/23,2.509
2018/8/24,2.523
2018/8/27,2.571
2018/8/28,2.56
2018/8/29,2.553
2018/8/30,2.533
2018/8/31,2.521
2018/9/3,2.512
2018/9/4,2.55
2018/9/5,2.487
2018/9/6,2.466
2018/9/7,2.491
2018/9/10,2.466
2018/9/11,2.449
2018/9/12,2.432
2018/9/13,2.466
2018/9/14,2.475
2018/9/17,2.452
2018/9/18,2.513
2018/9/19,2.538
2018/9/20,2.541
2018/9/21,2.632
2018/9/25,2.6
2018/9/26,2.638
2018/9/27,2.628
2018/9/28,2.659
2018/10/8,2.533
2018/10/9,2.545
2018/10/10,2.545
2018/10/11,2.439
2018/10/12,2.494
2018/10/15,2.463
2018/10/16,2.467
2018/10/17,2.477
2018/10/18,2.419
2018/10/19,2.491
2018/10/22,2.599
2018/10/23,2.511
2018/10/24,2.525
2018/10/25,2.531
2018/10/26,2.516
2018/10/29,2.431
2018/10/30,2.463
2018/10/31,2.496
2018/11/1,2.507
2018/11/2,2.594
2018/11/5,2.558
2018/11/6,2.546
2018/11/7,2.528
2018/11/8,2.537
2018/11/9,2.48
2018/11/12,2.49
2018/11/13,2.509
2018/11/14,2.475
2018/11/15,2.505
2018/11/16,2.507
2018/11/19,2.54
2018/11/20,2.498
2018/11/21,2.497
2018/11/22,2.483
2018/11/23,2.442
2018/11/26,2.45
2018/11/27,2.439
2018/11/28,2.466
2018/11/29,2.453
2018/11/30,2.474
2018/12/3,2.482
2018/12/4,2.49
2018/12/5,2.479
2018/12/6,2.433
2018/12/7,2.425
2018/12/10,2.408
2018/12/11,2.413
2018/12/12,2.419
2018/12/13,2.453
2018/12/14,2.423
2018/12/17,2.42
2018/12/18,2.391
2018/12/19,2.365
2018/12/20,2.331
2018/12/21,2.302
2018/12/24,2.304
2018/12/25,2.292
2018/12/26,2.275
2018/12/27,2.275
2018/12/28,2.286
2019/1/2,2.255
2019/1/3,2.261
2019/1/4,2.31
2019/1/7,2.307
2019/1/8,2.3
2019/1/9,2.325
2019/1/10,2.328
2019/1/11,2.347
2019/1/14,2.325
2019/1/15,2.37
2019/1/16,2.374
2019/1/17,2.365
2019/1/18,2.409
2019/1/21,2.424
2019/1/22,2.396
2019/1/23,2.392
2019/1/24,2.403
2019/1/25,2.433
2019/1/28,2.43
2019/1/29,2.448
2019/1/30,2.437
2019/1/31,2.474
2019/2/1,2.492
2019/2/11,2.516
2019/2/12,2.524
2019/2/13,2.571
2019/2/14,2.567
2019/2/15,2.511
2019/2/18,2.571
2019/2/19,2.567
2019/2/20,2.577
2019/2/21,2.566
2019/2/22,2.618
2019/2/25,2.816
2019/2/26,2.728
2019/2/27,2.736
2019/2/28,2.736
2019/3/1,2.802
2019/3/4,2.815
2019/3/5,2.813
2019/3/6,2.82
2019/3/7,2.773
2019/3/8,2.675
2019/3/11,2.69
2019/3/12,2.701
2019/3/13,2.706
2019/3/14,2.71
2019/3/15,2.74
2019/3/18,2.812
2019/3/19,2.79
2019/3/20,2.794
2019/3/21,2.784
2019/3/22,2.777
2019/3/25,2.702
2019/3/26,2.692
2019/3/27,2.723
2019/3/28,2.718
2019/3/29,2.819
2019/4/1,2.874
2019/4/2,2.872
2019/4/3,2.901
2019/4/4,2.939
2019/4/8,2.943
2019/4/9,2.949
2019/4/10,2.964
2019/4/11,2.912
2019/4/12,2.906
2019/4/15,2.906
2019/4/16,3.008
2019/4/17,2.997
2019/4/18,2.987
2019/4/19,3.024
2019/4/22,2.958
2019/4/23,2.963
2019/4/24,2.958
2019/4/25,2.913
2019/4/26,2.88
2019/4/29,2.921
2019/4/30,2.928
2019/5/6,2.787
2019/5/7,2.79
2019/5/8,2.745
2019/5/9,2.686
2019/5/10,2.777
2019/5/13,2.725
2019/5/14,2.708
2019/5/15,2.765
2019/5/16,2.774
2019/5/17,2.723
2019/5/20,2.699
2019/5/21,2.722
2019/5/22,2.709
2019/5/23,2.677
2019/5/24,2.691
2019/5/27,2.714
2019/5/28,2.733
2019/5/29,2.748
2019/5/30,2.737
2019/5/31,2.728
2019/6/3,2.74
2019/6/4,2.722
2019/6/5,2.718
2019/6/6,2.704
2019/6/10,2.739
2019/6/11,2.814
2019/6/12,2.802
2019/6/13,2.796
2019/6/14,2.79
2019/6/17,2.799
2019/6/18,2.81
2019/6/19,2.856
2019/6/20,2.954
2019/6/21,2.953
2019/6/24,2.959
2019/6/25,2.919
2019/6/26,2.916
2019/6/27,2.955
2019/6/28,2.952
2019/7/1,3.02
2019/7/2,3.016
2019/7/3,2.987
2019/7/4,2.976
2019/7/5,2.987
2019/7/8,2.924
2019/7/9,2.914
2019/7/10,2.912
2019/7/11,2.922
2019/7/12,2.943
2019/7/15,2.942
2019/7/16,2.925
2019/7/17,2.916
2019/7/18,2.905
2019/7/19,2.94
2019/7/22,2.922
2019/7/23,2.923
2019/7/24,2.952
2019/7/25,2.977
2019/7/26,2.982
2019/7/29,2.978
2019/7/30,2.988
2019/7/31,2.96
2019/8/1,2.935
2019/8/2,2.89
2019/8/5,2.835
2019/8/6,2.805
2019/8/7,2.791
2019/8/8,2.831
2019/8/9,2.82
2019/8/12,2.869
2019/8/13,2.84
2019/8/14,2.849
2019/8/15,2.858
2019/8/16,2.87
2019/8/19,2.927
2019/8/20,2.921
2019/8/21,2.919
2019/8/22,2.923
2019/8/23,2.963
2019/8/26,2.914
2019/8/27,2.934
2019/8/28,2.912
2019/8/29,2.901
2019/8/30,2.916
2019/9/2,2.94
2019/9/3,2.939
2019/9/4,2.973
2019/9/5,3.004
2019/9/6,3.037
2019/9/9,3.032
2019/9/10,3.021
2019/9/11,3.007
2019/9/12,3.047
2019/9/16,3.034
2019/9/17,2.987
2019/9/18,3.003
2019/9/19,3.007
2019/9/20,3.013
2019/9/23,2.981
2019/9/24,2.987
2019/9/25,2.977
2019/9/26,2.978
2019/9/27,2.978
2019/9/30,2.945
2019/10/8,2.968
2019/10/9,2.971
2019/10/10,2.987
2019/10/11,3.032
2019/10/14,3.061
2019/10/15,3.062
2019/10/16,3.051
2019/10/17,3.059
2019/10/18,3.014
2019/10/21,3.016
2019/10/22,3.019
2019/10/23,3
2019/10/24,3.008
2019/10/25,3.014
2019/10/28,3.028
2019/10/29,3.016
2019/10/30,2.999
2019/10/31,3.003
2019/11/1,3.052
2019/11/4,3.069
2019/11/5,3.086
2019/11/6,3.079
2019/11/7,3.079
2019/11/8,3.06
2019/11/11,3.013
2019/11/12,3.017
2019/11/13,3.015
2019/11/14,3.013
2019/11/15,3.003
2019/11/18,3.027
2019/11/19,3.046
2019/11/20,3.013
2019/11/21,2.995
2019/11/22,2.967
2019/11/25,2.994
2019/11/26,2.993
2019/11/27,2.988
2019/11/28,2.978
2019/11/29,2.938
2019/12/2,2.897
2019/12/3,2.907
2019/12/4,2.901
2019/12/5,2.919
2019/12/6,2.936
2019/12/9,2.931
2019/12/10,2.933
2019/12/11,2.947
2019/12/12,2.937
2019/12/13,3
2019/12/16,2.993
2019/12/17,3.025
2019/12/18,3.017
2019/12/19,3.01
2019/12/20,3.005
2019/12/23,2.979
2019/12/24,2.988
2019/12/25,2.98
2019/12/26,3.002
2019/12/27,3.009
2019/12/30,3.051
2019/12/31,3.058
2020/1/2,3.081
2020/1/3,3.068
2020/1/6,3.05
2020/1/7,3.062
2020/1/8,3.033
2020/1/9,3.057
2020/1/10,3.061
2020/1/13,3.08
2020/1/14,3.076
2020/1/15,3.046
2020/1/16,3.036
2020/1/17,3.042
2020/1/20,3.058
2020/1/21,3.007
2020/1/22,3.006
2020/1/23,2.925
2020/2/3,2.707
2020/2/4,2.785
2020/2/5,2.801
2020/2/6,2.842
2020/2/7,2.841
2020/2/10,2.839
2020/2/11,2.87
2020/2/12,2.883
2020/2/13,2.869
2020/2/14,2.885
2020/2/17,2.939
2020/2/18,2.913
2020/2/19,2.913
2020/2/20,2.967
2020/2/21,2.958
2020/2/24,2.924
2020/2/25,2.899
2020/2/26,2.894
2020/2/27,2.898
2020/2/28,2.814
2020/3/2,2.899
2020/3/3,2.907
2020/3/4,2.939
2020/3/5,3.004
2020/3/6,2.951
2020/3/9,2.861
2020/3/10,2.911
2020/3/11,2.874
2020/3/12,2.836
2020/3/13,2.796
2020/3/16,2.687
2020/3/17,2.675
2020/3/18,2.618
2020/3/19,2.564
2020/3/20,2.624
2020/3/23,2.553
2020/3/24,2.627
2020/3/25,2.687
2020/3/26,2.677
2020/3/27,2.692
2020/3/30,2.68
2020/3/31,2.675
2020/4/1,2.671
2020/4/2,2.706
2020/4/3,2.694
2020/4/7,2.743
2020/4/8,2.73
2020/4/9,2.739
2020/4/10,2.738
2020/4/13,2.726
2020/4/14,2.771
2020/4/15,2.751
2020/4/16,2.753
2020/4/17,2.793
2020/4/20,2.803
2020/4/21,2.771
2020/4/22,2.79
2020/4/23,2.787
2020/4/24,2.765
2020/4/27,2.79
2020/4/28,2.81
2020/4/29,2.829
2020/4/30,2.852
2020/5/6,2.848
2020/5/7,2.843
2020/5/8,2.863
2020/5/11,2.863
2020/5/12,2.86
2020/5/13,2.86
2020/5/14,2.831
2020/5/15,2.812
2020/5/18,2.833
2020/5/19,2.852
2020/5/20,2.849
2020/5/21,2.838
2020/5/22,2.768
2020/5/25,2.78
2020/5/26,2.802
2020/5/27,2.792
2020/5/28,2.801
2020/5/29,2.802
2020/6/1,2.864
2020/6/2,2.879
2020/6/3,2.884
2020/6/4,2.878
2020/6/5,2.892
2020/6/8,2.905
2020/6/9,2.923
2020/6/10,2.908
2020/6/11,2.878
2020/6/12,2.891
2020/6/15,2.847
2020/6/16,2.877
2020/6/17,2.881
2020/6/18,2.895
2020/6/19,2.927
2020/6/22,2.924
2020/6/23,2.93
2020/6/24,2.958
2020/6/29,2.937
2020/6/30,2.956
2020/7/1,3.027
2020/7/2,3.103
2020/7/3,3.187
2020/7/6,3.469
2020/7/7,3.402
2020/7/8,3.447
2020/7/9,3.459
2020/7/10,3.373
2020/7/13,3.416
2020/7/14,3.38
2020/7/15,3.35
2020/7/16,3.206
2020/7/17,3.229
2020/7/20,3.331
2020/7/21,3.329
2020/7/22,3.334
2020/7/23,3.331
2020/7/24,3.2
2020/7/27,3.211
2020/7/28,3.231
2020/7/29,3.291
2020/7/30,3.277
2020/7/31,3.295
2020/8/3,3.328
2020/8/4,3.359
2020/8/5,3.336
2020/8/6,3.338
2020/8/7,3.308
2020/8/10,3.333
2020/8/11,3.307
2020/8/12,3.297
2020/8/13,3.286
2020/8/14,3.343
2020/8/17,3.418
2020/8/18,3.413
2020/8/19,3.351
2020/8/20,3.312
2020/8/21,3.336
2020/8/24,3.346
2020/8/25,3.359
2020/8/26,3.323
2020/8/27,3.342
2020/8/28,3.424
2020/8/31,3.395
2020/9/1,3.404
2020/9/2,3.395
2020/9/3,3.387
2020/9/4,3.356
2020/9/7,3.301
2020/9/8,3.336
2020/9/9,3.285
2020/9/10,3.296
2020/9/11,3.313
2020/9/14,3.341
2020/9/15,3.367
2020/9/16,3.346
2020/9/17,3.314
2020/9/18,3.406
2020/9/21,3.362
2020/9/22,3.322
2020/9/23,3.325
2020/9/24,3.271
2020/9/25,3.282
2020/9/28,3.302
2020/9/29,3.295
2020/9/30,3.281
2020/10/9,3.337
2020/10/12,3.442
2020/10/13,3.437
2020/10/14,3.424
2020/10/15,3.425
2020/10/16,3.432
2020/10/19,3.409
2020/10/20,3.412
2020/10/21,3.433
2020/10/22,3.42
2020/10/23,3.408
2020/10/26,3.354
2020/10/27,3.346
2020/10/28,3.364
2020/10/29,3.383
2020/10/30,3.329
2020/11/2,3.317
2020/11/3,3.355
2020/11/4,3.38
2020/11/5,3.418
2020/11/6,3.408
2020/11/9,3.468
2020/11/10,3.466
2020/11/11,3.464
2020/11/12,3.447
2020/11/13,3.388
2020/11/16,3.429
2020/11/17,3.43
2020/11/18,3.435
2020/11/19,3.46
2020/11/20,3.465
2020/11/23,3.521
2020/11/24,3.493
2020/11/25,3.468
2020/11/26,3.497
2020/11/27,3.557
2020/11/30,3.473
2020/12/1,3.557
2020/12/2,3.545
2020/12/3,3.538
2020/12/4,3.543
2020/12/7,3.511
2020/12/8,3.499
2020/12/9,3.47
2020/12/10,3.456
2020/12/11,3.429
2020/12/14,3.461
2020/12/15,3.464
2020/12/16,3.482
2020/12/17,3.537
2020/12/18,3.505
2020/12/21,3.513
2020/12/22,3.464
2020/12/23,3.491
2020/12/24,3.485
2020/12/25,3.509
2020/12/28,3.519
2020/12/29,3.512
2020/12/30,3.563
2020/12/31,3.634
2021/1/4,3.632
2021/1/5,3.671
2021/1/6,3.726
2021/1/7,3.803
2021/1/8,3.782
2021/1/11,3.765
2021/1/12,3.899
2021/1/13,3.862
2021/1/14,3.802
2021/1/15,3.805
2021/1/18,3.837
2021/1/19,3.797
2021/1/20,3.8
2021/1/21,3.84
2021/1/22,3.833
2021/1/25,3.89
2021/1/26,3.8
2021/1/27,3.806
2021/1/28,3.731
2021/1/29,3.704
2021/2/1,3.731
2021/2/2,3.752
2021/2/3,3.764
2021/2/4,3.787
2021/2/5,3.834
2021/2/8,3.875
2021/2/9,3.939
2021/2/10,4.012
2021/2/18,4.007
2021/2/19,3.998
2021/2/22,3.873
2021/2/23,3.886
2021/2/24,3.788
2021/2/25,3.843
2021/2/26,3.743
2021/3/1,3.773
2021/3/2,3.707
2021/3/3,3.804
2021/3/4,3.698
2021/3/5,3.678
2021/3/8,3.561
2021/3/9,3.505
2021/3/10,3.523
2021/3/11,3.614
2021/3/12,3.617
2021/3/15,3.558
2021/3/16,3.582
2021/3/17,3.576
2021/3/18,3.591
2021/3/19,3.496
2021/3/22,3.523
2021/3/23,3.504
2021/3/24,3.454
2021/3/25,3.452
2021/3/26,3.514
2021/3/29,3.521
2021/3/30,3.561
2021/3/31,3.527
2021/4/1,3.567
2021/4/2,3.601
2021/4/6,3.578
2021/4/7,3.542
2021/4/8,3.558
2021/4/9,3.506
2021/4/12,3.468
2021/4/13,3.45
2021/4/14,3.456
2021/4/15,3.419
2021/4/16,3.434
2021/4/19,3.5
2021/4/20,3.492
2021/4/21,3.498
2021/4/22,3.481
2021/4/23,3.514
2021/4/26,3.458
2021/4/27,3.466
2021/4/28,3.467
2021/4/29,3.513
2021/4/30,3.482
2021/5/6,3.444
2021/5/7,3.399
2021/5/10,3.399
2021/5/11,3.429
2021/5/12,3.442
2021/5/13,3.407
2021/5/14,3.498
2021/5/17,3.53
2021/5/18,3.528
2021/5/19,3.504
2021/5/20,3.516
2021/5/21,3.475
2021/5/24,3.489
2021/5/25,3.635
2021/5/26,3.648
2021/5/27,3.658
2021/5/28,3.651
2021/5/31,3.639
2021/6/1,3.64
2021/6/2,3.613
2021/6/3,3.584
2021/6/4,3.601
2021/6/7,3.593
2021/6/8,3.572
2021/6/9,3.582
2021/6/10,3.601
2021/6/11,3.571
2021/6/15,3.522
2021/6/16,3.486
2021/6/17,3.479
2021/6/18,3.455
2021/6/21,3.435
2021/6/22,3.464
2021/6/23,3.469
2021/6/24,3.488
2021/6/25,3.541
2021/6/28,3.527
2021/6/29,3.497
2021/6/30,3.515
2021/7/1,3.548
2021/7/2,3.423
2021/7/5,3.42
2021/7/6,3.431
2021/7/7,3.442
2021/7/8,3.395
2021/7/9,3.382
2021/7/12,3.41
2021/7/13,3.421
2021/7/14,3.368
2021/7/15,3.44
2021/7/16,3.403
2021/7/19,3.416
2021/7/20,3.408
2021/7/21,3.421
2021/7/22,3.425
2021/7/23,3.388
2021/7/26,3.259
2021/7/27,3.156
2021/7/28,3.183
2021/7/29,3.212
2021/7/30,3.163
2021/8/2,3.242
2021/8/3,3.254
2021/8/4,3.264
2021/8/5,3.258
2021/8/6,3.232
2021/8/9,3.268
2021/8/10,3.322
2021/8/11,3.295
2021/8/12,3.261
2021/8/13,3.254
2021/8/16,3.262
2021/8/17,3.182
2021/8/18,3.224
2021/8/19,3.178
2021/8/20,3.108
2021/8/23,3.136
2021/8/24,3.185
2021/8/25,3.197
2021/8/26,3.128
2021/8/27,3.159
2021/8/30,3.149
2021/8/31,3.138
2021/9/1,3.207
2021/9/2,3.204
2021/9/3,3.212
2021/9/6,3.247
2021/9/7,3.284
2021/9/8,3.249
2021/9/9,3.24
2021/9/10,3.292
2021/9/13,3.281
2021/9/14,3.228
2021/9/15,3.186
2021/9/16,3.167
2021/9/17,3.199
2021/9/22,3.158
2021/9/23,3.164
2021/9/24,3.186
2021/9/27,3.247
2021/9/28,3.247
2021/9/29,3.248
2021/9/30,3.231
2021/10/8,3.295
2021/10/11,3.312
2021/10/12,3.295
2021/10/13,3.327
2021/10/14,3.306
2021/10/15,3.332
2021/10/18,3.268
2021/10/19,3.291
2021/10/20,3.293
2021/10/21,3.314
2021/10/22,3.352
2021/10/25,3.35
2021/10/26,3.329
2021/10/27,3.287
2021/10/28,3.286
2021/10/29,3.304
2021/11/1,3.289
2021/11/2,3.25
2021/11/3,3.219
2021/11/4,3.245
2021/11/5,3.243
2021/11/8,3.231
2021/11/9,3.224
2021/11/10,3.206
2021/11/11,3.275
2021/11/12,3.262
2021/11/15,3.264
2021/11/16,3.264
2021/11/17,3.244
2021/11/18,3.211
2021/11/19,3.25
2021/11/22,3.248
2021/11/23,3.261
2021/11/24,3.273
2021/11/25,3.254
2021/11/26,3.223
2021/11/29,3.182
2021/11/30,3.164
2021/12/1,3.176
2021/12/2,3.188
2021/12/3,3.215
2021/12/6,3.225
2021/12/7,3.251
2021/12/8,3.301
2021/12/9,3.352
2021/12/10,3.349
2021/12/13,3.354
2021/12/14,3.337
2021/12/15,3.304
2021/12/16,3.315
2021/12/17,3.265
2021/12/20,3.243
2021/12/21,3.258
2021/12/22,3.244
2021/12/23,3.275
2021/12/24,3.273
2021/12/27,3.268
2021/12/28,3.286
2021/12/29,3.225
2021/12/30,3.247
2021/12/31,3.256
2022/1/4,3.247
2022/1/5,3.241
2022/1/6,3.193
2022/1/7,3.207
2022/1/10,3.216
2022/1/11,3.196
2022/1/12,3.22
2022/1/13,3.166
2022/1/14,3.12
2022/1/17,3.131
2022/1/18,3.169
2022/1/19,3.169
2022/1/20,3.214
2022/1/21,3.206
2022/1/24,3.195
2022/1/25,3.129
2022/1/26,3.144
2022/1/27,3.107
2022/1/28,3.036
2022/2/7,3.095
2022/2/8,3.098
2022/2/9,3.12
2022/2/10,3.128
2022/2/11,3.123
2022/2/14,3.088
2022/2/15,3.1
2022/2/16,3.116
2022/2/17,3.119
2022/2/18,3.144
2022/2/21,3.13
2022/2/22,3.081
2022/2/23,3.1
2022/2/24,3.043
2022/2/25,3.056
2022/2/28,3.061
2022/3/1,3.105
2022/3/2,3.088
2022/3/3,3.078
2022/3/4,3.046
2022/3/7,2.955
2022/3/8,2.915
2022/3/9,2.887
2022/3/10,2.913
2022/3/11,2.922
2022/3/14,2.832
2022/3/15,2.687
2022/3/16,2.81
2022/3/17,2.857
2022/3/18,2.891
2022/3/21,2.874
2022/3/22,2.882
2022/3/23,2.899
2022/3/24,2.884
2022/3/25,2.838
2022/3/28,2.836
2022/3/29,2.823
2022/3/30,2.898
2022/3/31,2.881
2022/4/1,2.923
2022/4/6,2.911
2022/4/7,2.884
2022/4/8,2.909
2022/4/11,2.832
2022/4/12,2.876
2022/4/13,2.866
2022/4/14,2.911
2022/4/15,2.914
2022/4/18,2.871
2022/4/19,2.844
2022/4/20,2.816
2022/4/21,2.78
2022/4/22,2.795
2022/4/25,2.662
2022/4/26,2.664
2022/4/27,2.714
2022/4/28,2.749
2022/4/29,2.793
2022/5/5,2.781
2022/5/6,2.703
2022/5/9,2.677
2022/5/10,2.701
2022/5/11,2.722
2022/5/12,2.702
2022/5/13,2.729
2022/5/16,2.702
2022/5/17,2.737
2022/5/18,2.728
2022/5/19,2.726
2022/5/20,2.793
2022/5/23,2.763
2022/5/24,2.72
2022/5/25,2.725
2022/5/26,2.725
2022/5/27,2.744
2022/5/30,2.758
2022/5/31,2.792
2022/6/1,2.782
2022/6/2,2.777
2022/6/6,2.81
2022/6/7,2.829
2022/6/8,2.863
2022/6/9,2.853
2022/6/10,2.886
2022/6/13,2.835
2022/6/14,2.874
2022/6/15,2.913
2022/6/16,2.886
2022/6/17,2.929
2022/6/20,2.923
2022/6/21,2.929
2022/6/22,2.898
2022/6/23,2.939
2022/6/24,2.978
2022/6/27,3.016
2022/6/28,3.043
2022/6/29,3.018
2022/6/30,3.069
2022/7/1,3.058
2022/7/4,3.063
2022/7/5,3.063
2022/7/6,3.011
2022/7/7,3.002
2022/7/8,3.006
2022/7/11,2.961
2022/7/12,2.944
2022/7/13,2.935
2022/7/14,2.915
2022/7/15,2.872
2022/7/18,2.911
2022/7/19,2.899
2022/7/20,2.908
2022/7/21,2.874
2022/7/22,2.887
2022/7/25,2.878
2022/7/26,2.891
2022/7/27,2.867
2022/7/28,2.866
2022/7/29,2.828
2022/8/1,2.818
2022/8/2,2.77
2022/8/3,2.75
2022/8/4,2.777
2022/8/5,2.815
2022/8/8,2.8
2022/8/9,2.801
2022/8/10,2.768
2022/8/11,2.826
2022/8/12,2.836
2022/8/15,2.82
2022/8/16,2.807
2022/8/17,2.823
2022/8/18,2.797
2022/8/19,2.792
2022/8/22,2.793
2022/8/23,2.774
2022/8/24,2.746
2022/8/25,2.793
2022/8/26,2.794
2022/8/29,2.772
2022/8/30,2.768
2022/8/31,2.801
2022/9/1,2.775
2022/9/2,2.752
2022/9/5,2.741
2022/9/6,2.764
2022/9/7,2.754
2022/9/8,2.748
2022/9/9,2.8
2022/9/13,2.808
2022/9/14,2.788
2022/9/15,2.784
2022/9/16,2.724
2022/9/19,2.719
2022/9/20,2.714
2022/9/21,2.691
2022/9/22,2.67
2022/9/23,2.672
2022/9/26,2.654
2022/9/27,2.681
2022/9/28,2.651
2022/9/29,2.651
2022/9/30,2.65
2022/10/10,2.586
2022/10/11,2.578
2022/10/12,2.594
2022/10/13,2.564
2022/10/14,2.625
2022/10/17,2.623
2022/10/18,2.608
2022/10/19,2.557
2022/10/20,2.544
2022/10/21,2.527
2022/10/24,2.439
2022/10/25,2.431
2022/10/26,2.439
2022/10/27,2.419
2022/10/28,2.365
2022/10/31,2.333
2022/11/1,2.436
2022/11/2,2.456
2022/11/3,2.425
2022/11/4,2.506
2022/11/7,2.515
2022/11/8,2.497
2022/11/9,2.478
2022/11/10,2.482
2022/11/11,2.555
2022/11/14,2.576
2022/11/15,2.625
2022/11/16,2.615
2022/11/17,2.6
2022/11/18,2.59
2022/11/21,2.557
2022/11/22,2.57
2022/11/23,2.575
2022/11/24,2.558
2022/11/25,2.585
2022/11/28,2.54
2022/11/29,2.648
2022/11/30,2.645
2022/12/1,2.632
2022/12/2,2.617
2022/12/5,2.68
2022/12/6,2.688
2022/12/7,2.671
2022/12/8,2.677
2022/12/9,2.708
2022/12/12,2.676
2022/12/13,2.679
2022/12/14,2.696
2022/12/15,2.682
2022/12/16,2.693
2022/12/19,2.653
2022/12/20,2.607
2022/12/21,2.612
2022/12/22,2.629
2022/12/23,2.622
2022/12/26,2.612
2022/12/27,2.642
2022/12/28,2.649
2022/12/29,2.635
2022/12/30,2.649
2023/1/3,2.651
2023/1/4,2.66
2023/1/5,2.71
2023/1/6,2.725
2023/1/9,2.75
2023/1/10,2.742
2023/1/11,2.748
2023/1/12,2.754
2023/1/13,2.799
2023/1/16,2.847
2023/1/17,2.838
2023/1/18,2.819
2023/1/19,2.829
2023/1/20,2.848
2023/1/30,2.849
2023/1/31,2.819
2023/2/1,2.83
2023/2/2,2.824
2023/2/3,2.783
2023/2/6,2.739
2023/2/7,2.747
2023/2/8,2.74
2023/2/9,2.769
2023/2/10,2.757
2023/2/13,2.775
2023/2/14,2.786
2023/2/15,2.76
2023/2/16,2.75
2023/2/17,2.721
2023/2/20,2.798
2023/2/21,2.812
2023/2/22,2.775
2023/2/23,2.774
2023/2/24,2.736
2023/2/27,2.733
2023/2/28,2.746
2023/3/1,2.777
2023/3/2,2.776
2023/3/3,2.779
2023/3/6,2.749
2023/3/7,2.718
2023/3/8,2.697
2023/3/9,2.678
2023/3/10,2.642
2023/3/13,2.669
2023/3/14,2.651
2023/3/15,2.652
2023/3/16,2.627
2023/3/17,2.637
2023/3/20,2.62
2023/3/21,2.647
2023/3/22,2.656
2023/3/23,2.673
2023/3/24,2.66
2023/3/27,2.643
2023/3/28,2.644
2023/3/29,2.64
2023/3/30,2.672
2023/3/31,2.669
